frame,raw_detection_count,target_detection_count,active_track_count,decode_ms,queue_wait_ms,inference_tracking_ms,state_build_ms,consumer_total_ms,instant_consumer_fps
1,10,10,10,15.244,15.309,597.824,1.462,599.289,1.669
2,9,9,9,15.174,0.032,21.279,1.361,22.643,44.163
3,10,10,10,18.822,0.024,19.37,1.749,21.123,47.342
4,10,10,10,15.509,0.02,20.62,1.156,21.779,45.916
5,10,10,10,15.099,0.022,19.691,1.226,20.921,47.8
6,10,10,10,14.428,0.022,19.469,1.218,20.691,48.331
7,11,11,11,13.681,0.021,24.216,1.314,25.533,39.165
8,10,10,10,13.784,0.026,21.692,1.199,22.895,43.678
9,10,10,10,12.629,0.024,22.533,1.156,23.693,42.207
10,12,12,12,12.608,0.032,26.002,1.415,27.421,36.469
11,13,13,13,12.673,0.025,22.386,1.419,23.809,42.001
12,13,13,13,14.455,0.031,22.166,1.471,23.641,42.3
13,12,12,12,12.552,0.025,25.452,1.885,27.341,36.576
14,12,12,12,12.502,0.029,24.301,1.939,26.243,38.105
15,14,14,14,12.491,0.031,23.993,1.912,25.908,38.598
16,14,14,14,12.452,0.026,20.716,1.544,22.263,44.917
17,11,11,11,12.483,0.023,20.694,1.306,22.003,45.449
18,11,11,11,13.511,0.022,20.434,1.274,21.711,46.06
19,10,10,10,13.93,0.022,19.973,1.164,21.141,47.302
20,10,10,10,13.428,0.022,19.806,1.269,21.079,47.441
21,12,12,12,13.97,0.02,19.887,1.389,21.279,46.994
22,8,8,8,12.609,0.021,19.952,1.001,20.957,47.716
23,8,8,8,12.523,0.024,20.267,1.041,21.312,46.923
24,7,7,7,12.476,0.023,19.552,0.889,20.443,48.916
25,7,7,7,12.534,0.024,19.455,0.891,20.35,49.141
26,7,7,7,12.498,0.025,20.552,0.906,21.474,46.568
27,10,10,10,12.431,0.026,19.906,1.268,21.177,47.221
28,10,10,10,12.511,0.023,20.42,1.157,21.58,46.339
29,11,11,11,12.465,0.024,20.851,1.245,22.099,45.252
30,9,9,9,12.452,0.026,20.067,1.072,21.143,47.296
31,12,12,12,12.473,0.026,20.908,1.358,22.27,44.903
32,12,12,12,12.53,0.026,20.743,1.359,22.105,45.239
33,13,13,13,12.474,0.027,20.815,2.066,22.884,43.699
34,13,13,13,12.43,0.027,20.717,1.814,22.535,44.375
35,12,12,12,12.507,0.026,19.615,1.445,21.064,47.474
36,11,11,11,12.642,0.027,20.45,1.541,21.994,45.467
37,11,11,11,12.517,0.025,20.272,1.184,21.459,46.6
38,10,10,10,12.507,0.027,22.233,1.613,23.849,41.93
39,10,10,10,13.609,0.029,19.063,1.169,20.235,49.42
40,9,9,9,12.505,0.028,18.968,1.144,20.115,49.714
41,9,9,9,12.829,0.026,20.07,1.098,21.172,47.233
42,9,9,9,12.64,0.025,20.047,1.055,21.105,47.381
43,11,11,11,13.395,0.029,20.034,1.23,21.267,47.021
44,11,11,11,12.407,0.028,20.262,1.604,21.869,45.727
45,10,10,10,12.62,0.027,20.632,1.178,21.813,45.844
46,10,10,10,12.458,0.027,20.616,1.172,21.792,45.889
47,10,10,10,12.49,0.027,19.396,1.122,20.521,48.731
48,9,9,9,12.35,0.026,19.211,1.125,20.34,49.165
49,8,8,8,12.592,0.028,18.685,1.076,19.765,50.596
50,8,8,8,12.715,0.024,18.545,1.049,19.596,51.03
51,9,9,9,12.634,0.024,20.725,1.119,21.847,45.773
52,10,10,10,12.413,0.027,23.696,1.249,24.949,40.082
53,10,10,10,12.529,0.022,19.004,1.24,20.248,49.388
54,9,9,9,12.436,0.023,18.519,1.149,19.671,50.835
55,10,10,10,12.307,0.023,18.649,1.29,19.943,50.144
56,11,11,11,12.686,0.025,18.945,1.354,20.303,49.254
57,11,11,11,13.934,0.022,18.828,1.304,20.135,49.665
58,9,9,9,12.348,0.023,18.834,1.138,19.975,50.062
59,7,7,7,12.425,0.022,18.452,0.939,19.394,51.563
60,7,7,7,12.358,0.023,18.32,0.951,19.274,51.883
61,8,8,8,12.37,0.022,18.676,1.002,19.682,50.807
62,7,7,7,12.397,0.023,19.475,1.005,20.485,48.817
63,9,9,9,12.682,0.023,20.633,1.116,21.753,45.971
64,7,7,7,13.002,0.022,19.081,0.936,20.02,49.951
65,7,7,7,12.851,0.028,18.894,0.917,19.815,50.468
66,7,7,7,12.762,0.023,18.891,0.982,19.877,50.309
67,8,8,8,12.876,0.024,24.467,1.01,25.481,39.245
68,10,10,10,13.922,0.03,19.192,1.231,20.426,48.958
69,7,7,7,14.813,0.023,19.06,0.945,20.008,49.981
70,9,9,9,12.853,0.021,18.843,1.204,20.05,49.875
71,8,8,8,12.453,0.022,18.647,1.011,19.662,50.86
72,8,8,8,14.835,0.024,18.439,1.038,19.481,51.333
73,7,7,7,12.803,0.021,18.281,0.944,19.228,52.008
74,6,6,6,12.454,0.026,18.57,0.829,19.402,51.541
75,7,7,7,12.42,0.022,18.618,0.95,19.571,51.095
76,8,8,8,12.453,0.025,18.938,1.037,19.978,50.056
77,10,10,10,12.502,0.023,20.715,1.149,21.867,45.73
78,9,9,9,12.561,0.029,28.629,1.15,29.783,33.576
79,9,9,9,12.655,0.029,23.373,1.139,24.516,40.79
80,9,9,9,12.624,0.03,23.973,1.132,25.109,39.826
81,7,7,7,12.642,0.025,25.599,0.937,26.539,37.68
82,8,8,8,12.926,0.033,26.384,1.107,27.495,36.371
83,11,11,11,12.451,0.037,25.019,1.248,26.27,38.066
84,9,9,9,14.598,0.029,22.711,1.172,23.887,41.863
85,9,9,9,13.407,0.033,21.961,1.099,23.064,43.358
86,10,10,10,12.734,0.024,18.525,1.211,19.739,50.662
87,10,10,10,12.718,0.026,18.541,1.185,19.729,50.686
88,10,10,10,12.724,0.025,18.378,1.196,19.578,51.078
89,10,10,10,12.924,0.024,18.244,1.183,19.431,51.464
90,9,9,9,12.473,0.025,18.29,1.17,19.463,51.378
91,11,11,11,12.38,0.026,18.739,1.292,20.033,49.917
92,8,8,8,12.345,0.022,18.266,1.061,19.33,51.734
93,9,9,9,12.353,0.024,18.514,1.122,19.64,50.917
94,8,8,8,12.393,0.022,19.245,1.072,20.32,49.212
95,8,8,8,12.349,0.023,18.296,1.569,19.868,50.332
96,7,7,7,12.342,0.022,18.481,0.916,19.4,51.545
97,8,8,8,12.427,0.03,18.301,1.013,19.318,51.766
98,7,7,7,12.375,0.024,17.87,0.916,18.789,53.222
99,7,7,7,12.314,0.025,18.129,0.926,19.059,52.469
100,8,8,8,12.404,0.026,20.977,1.027,22.007,45.44
101,8,8,8,13.447,0.027,22.145,1.07,23.219,43.069
102,8,8,8,12.295,0.024,23.335,1.033,24.371,41.032
103,8,8,8,12.265,0.033,20.826,1.108,21.938,45.584
104,9,9,9,12.25,0.034,22.887,1.141,24.032,41.612
105,9,9,9,12.363,0.027,24.228,1.135,25.368,39.42
106,9,9,9,12.758,0.034,23.005,1.994,25.004,39.994
107,8,8,8,14.11,0.035,22.995,1.044,24.044,41.59
108,8,8,8,12.481,0.033,22.094,1.007,23.105,43.281
109,8,8,8,12.715,0.028,24.2,1.09,25.294,39.536
110,7,7,7,12.597,0.032,22.234,0.963,23.2,43.103
111,7,7,7,13.451,0.033,21.641,0.946,22.591,44.266
112,9,9,9,13.899,0.033,23.831,1.116,24.951,40.079
113,9,9,9,13.139,0.033,22.676,1.179,23.858,41.914
114,7,7,7,12.48,0.032,24.083,1.022,25.108,39.828
115,8,8,8,12.494,0.021,18.911,1.099,20.013,49.967
116,7,7,7,12.673,0.022,17.937,0.925,18.865,53.008
117,5,5,5,19.859,0.025,17.589,0.724,18.316,54.598
118,6,6,6,16.209,0.028,17.939,0.883,18.825,53.12
119,6,6,6,18.339,0.024,18.062,0.82,18.886,52.95
120,6,6,6,12.529,0.024,18.455,0.797,19.254,51.937
121,8,8,8,12.332,0.022,18.586,1.016,19.605,51.007
122,9,9,9,12.275,0.024,22.454,1.131,23.587,42.396
123,8,8,8,12.297,0.03,19.189,1.021,20.214,49.47
124,5,5,5,12.329,0.026,18.783,0.762,19.548,51.157
125,6,6,6,12.275,0.024,18.061,0.865,18.929,52.83
126,6,6,6,12.335,0.023,18.085,0.797,18.886,52.949
127,6,6,6,12.314,0.024,18.033,0.839,18.875,52.98
128,6,6,6,12.41,0.024,17.99,0.84,18.833,53.098
129,7,7,7,12.35,0.022,18.322,0.989,19.314,51.775
130,7,7,7,12.291,0.026,17.937,0.915,18.855,53.036
131,6,6,6,12.264,0.024,17.891,0.827,18.722,53.413
132,6,6,6,12.327,0.025,17.781,0.806,18.591,53.789
133,6,6,6,12.282,0.027,17.878,0.807,18.689,53.509
134,5,5,5,12.307,0.024,18.082,0.744,18.829,53.11
135,7,7,7,12.361,0.025,18.078,0.956,19.037,52.531
136,10,10,10,12.336,0.024,18.648,1.171,19.822,50.448
137,7,7,7,12.211,0.025,18.525,0.919,19.447,51.421
138,6,6,6,12.211,0.023,18.319,0.877,19.2,52.085
139,6,6,6,12.485,0.024,18.066,0.831,18.9,52.911
140,6,6,6,12.233,0.025,17.503,0.825,18.332,54.55
141,8,8,8,12.268,0.023,18.447,0.992,19.442,51.435
142,8,8,8,12.25,0.023,18.417,1.072,19.494,51.299
143,8,8,8,12.282,0.024,18.698,1.11,19.81,50.479
144,9,9,9,12.28,0.024,18.826,1.157,19.985,50.037
145,10,10,10,12.282,0.026,18.785,1.267,20.056,49.86
146,11,11,11,12.279,0.026,18.642,1.359,20.005,49.988
147,9,9,9,12.259,0.024,18.861,1.197,20.062,49.845
148,10,10,10,12.299,0.022,18.665,1.268,19.937,50.158
149,11,11,11,12.216,0.023,19.046,1.34,20.389,49.046
150,11,11,11,12.263,0.027,18.616,1.314,19.933,50.167
151,12,12,12,12.239,0.024,23.195,1.386,24.584,40.677
152,13,13,13,12.192,0.027,21.852,1.555,23.411,42.715
153,11,11,11,12.243,0.024,20.518,1.339,21.86,45.745
154,11,11,11,12.299,0.025,19.783,1.411,21.198,47.175
155,11,11,11,12.286,0.022,19.096,1.325,20.424,48.962
156,9,9,9,12.297,0.023,18.503,1.158,19.664,50.854
157,9,9,9,12.439,0.021,18.698,1.186,19.886,50.286
158,10,10,10,12.294,0.023,18.799,1.297,20.099,49.753
159,8,8,8,12.321,0.02,18.594,1.166,19.764,50.598
160,8,8,8,12.277,0.023,18.399,1.033,19.436,51.452
161,10,10,10,12.257,0.022,18.675,1.175,19.853,50.371
162,10,10,10,12.283,0.023,18.666,1.207,19.876,50.312
163,10,10,10,12.203,0.024,18.294,1.241,19.538,51.182
164,10,10,10,12.278,0.025,18.098,1.216,19.317,51.767
165,8,8,8,12.205,0.025,18.573,1.04,19.616,50.978
166,8,8,8,12.282,0.021,18.196,0.994,19.193,52.101
167,9,9,9,12.321,0.026,18.097,1.151,19.252,51.943
168,8,8,8,12.346,0.025,18.03,1.049,19.083,52.403
169,8,8,8,12.357,0.025,17.981,1.047,19.031,52.545
170,8,8,8,13.683,0.023,18.517,1.091,19.611,50.993
171,9,9,9,12.359,0.025,18.917,1.095,20.016,49.96
172,8,8,8,12.319,0.024,19.167,1.018,20.188,49.534
173,8,8,8,12.322,0.022,18.586,1.028,19.618,50.975
174,8,8,8,12.338,0.024,18.645,1.027,19.676,50.825
175,7,7,7,12.297,0.023,18.219,0.924,19.146,52.231
176,6,6,6,12.305,0.024,17.772,0.879,18.654,53.607
177,7,7,7,12.434,0.022,18.129,0.971,19.104,52.346
178,7,7,7,12.217,0.023,18.458,0.955,19.416,51.504
179,7,7,7,12.294,0.022,18.23,0.901,19.134,52.264
180,8,8,8,12.282,0.023,18.226,1.039,19.268,51.898
181,9,9,9,12.282,0.023,18.574,1.136,19.714,50.726
182,9,9,9,12.293,0.022,18.236,1.23,19.469,51.364
183,9,9,9,12.374,0.023,19.41,1.581,20.995,47.631
184,9,9,9,12.302,0.021,18.819,1.081,19.903,50.243
185,8,8,8,12.285,0.023,18.883,1.67,20.557,48.646
186,10,10,10,12.401,0.025,18.32,1.243,19.565,51.111
187,9,9,9,12.363,0.023,18.435,1.258,19.696,50.771
188,8,8,8,12.392,0.023,18.752,1.04,19.795,50.517
189,9,9,9,12.388,0.024,18.626,1.105,19.733,50.676
190,12,12,12,12.3,0.024,18.795,1.406,20.203,49.497
191,9,9,9,13.573,0.026,18.456,1.177,19.637,50.923
192,9,9,9,13.571,0.03,18.796,1.118,19.918,50.206
193,9,9,9,12.257,0.025,18.99,1.111,20.105,49.74
194,9,9,9,12.324,0.022,18.695,1.115,19.813,50.472
195,9,9,9,12.287,0.024,18.564,1.148,19.715,50.722
196,9,9,9,12.298,0.026,18.744,1.145,19.893,50.269
197,9,9,9,12.359,0.023,18.743,1.169,19.915,50.212
198,9,9,9,12.328,0.02,18.073,1.128,19.204,52.072
199,10,10,10,12.256,0.02,18.194,1.152,19.349,51.682
200,9,9,9,12.285,0.025,18.158,1.075,19.236,51.986
201,8,8,8,12.248,0.022,21.026,1.035,22.064,45.324
202,8,8,8,12.245,0.024,22.9,1.05,23.953,41.749
203,9,9,9,12.318,0.024,18.616,1.147,19.766,50.592
204,10,10,10,12.3,0.022,18.415,1.217,19.635,50.93
205,9,9,9,12.281,0.021,18.016,1.069,19.088,52.389
206,8,8,8,12.244,0.024,17.94,1.031,18.974,52.704
207,8,8,8,12.216,0.022,17.81,0.976,18.789,53.222
208,8,8,8,12.288,0.025,17.556,0.984,18.544,53.927
209,8,8,8,12.271,0.021,17.753,0.979,18.735,53.376
210,7,7,7,12.268,0.024,18.1,0.922,19.025,52.563
211,8,8,8,12.297,0.02,18.326,1.024,19.353,51.671
212,8,8,8,12.296,0.02,18.677,1.034,19.715,50.723
213,8,8,8,12.46,0.028,21.175,1.028,22.206,45.034
214,8,8,8,12.355,0.027,18.28,1.016,19.298,51.818
215,8,8,8,12.341,0.024,18.129,1.1,19.233,51.995
216,8,8,8,13.486,0.022,20.655,1.075,21.733,46.013
217,9,9,9,12.296,0.022,18.455,1.131,19.589,51.048
218,9,9,9,12.324,0.023,18.496,1.092,19.591,51.043
219,9,9,9,12.31,0.023,18.086,1.079,19.169,52.168
220,9,9,9,12.307,0.027,18.484,1.109,19.596,51.031
221,7,7,7,12.342,0.024,19.034,0.941,19.978,50.055
222,8,8,8,12.367,0.024,18.76,1.086,19.85,50.378
223,8,8,8,12.271,0.023,20.741,1.103,21.848,45.77
224,8,8,8,12.332,0.03,27.634,1.171,28.808,34.713
225,8,8,8,12.243,0.028,23.882,1.038,24.924,40.121
226,8,8,8,12.394,0.031,24.201,1.069,25.274,39.567
227,7,7,7,12.362,0.034,23.375,0.94,24.319,41.12
228,7,7,7,12.346,0.025,21.709,0.971,22.684,44.084
229,7,7,7,12.387,0.026,22.747,0.957,23.708,42.18
230,6,6,6,12.552,0.025,21.942,0.884,22.829,43.804
231,9,9,9,12.411,0.026,20.128,1.146,21.278,46.997
232,8,8,8,12.433,0.024,19.313,1.019,20.335,49.176
233,10,10,10,12.382,0.027,19.668,1.275,20.947,47.74
234,11,11,11,12.395,0.027,19.562,1.348,20.913,47.816
235,9,9,9,12.339,0.025,19.111,1.789,20.904,47.839
236,10,10,10,12.306,0.023,19.265,1.241,20.509,48.758
237,9,9,9,12.37,0.025,19.448,1.07,20.521,48.731
238,10,10,10,12.25,0.03,19.358,1.216,20.578,48.595
239,9,9,9,12.302,0.032,19.34,1.132,20.475,48.839
240,10,10,10,12.302,0.025,19.316,1.206,20.527,48.717
241,8,8,8,13.56,0.045,22.28,1.045,23.328,42.868
242,8,8,8,12.387,0.028,19.049,1.035,20.088,49.781
243,8,8,8,13.524,0.028,18.755,1.016,19.774,50.572
244,8,8,8,12.335,0.029,18.579,1.033,19.616,50.98
245,7,7,7,12.398,0.027,18.76,0.983,19.746,50.643
246,7,7,7,12.409,0.025,19.173,0.943,20.119,49.703
247,8,8,8,12.329,0.026,18.963,1.052,20.018,49.954
248,9,9,9,12.397,0.025,19.372,1.126,20.502,48.777
249,8,8,8,12.301,0.025,18.811,1.047,19.861,50.349
250,8,8,8,12.201,0.025,18.411,0.987,19.402,51.542
251,8,8,8,12.257,0.026,21.76,1.024,22.788,43.883
252,9,9,9,12.224,0.03,24.987,1.198,26.188,38.185
253,11,11,11,12.272,0.029,19.793,1.34,21.137,47.311
254,10,10,10,12.273,0.027,19.281,1.263,20.548,48.667
255,12,12,12,12.256,0.029,19.206,1.351,20.561,48.636
256,11,11,11,12.195,0.026,19.992,1.243,21.238,47.086
257,12,12,12,12.198,0.029,19.85,1.418,21.271,47.012
258,11,11,11,12.254,0.029,19.443,1.318,20.764,48.159
259,11,11,11,12.348,0.024,19.508,1.317,20.829,48.01
260,15,15,15,12.28,0.025,19.885,1.719,21.607,46.281
261,13,13,13,12.378,0.024,19.677,1.525,21.206,47.157
262,9,9,9,12.266,0.022,20.483,1.12,21.607,46.281
263,8,8,8,12.324,0.027,20.525,1.09,21.618,46.257
264,10,10,10,12.243,0.026,20.578,1.198,21.779,45.916
265,11,11,11,12.234,0.029,20.17,1.357,21.532,46.443
266,11,11,11,12.286,0.03,20.051,1.285,21.34,46.861
267,11,11,11,12.348,0.029,20.887,1.345,22.236,44.972
268,11,11,11,12.374,0.027,20.144,1.325,21.473,46.57
269,11,11,11,12.337,0.033,22.92,1.293,24.217,41.293
270,12,12,12,12.537,0.029,20.207,1.401,21.612,46.271
271,11,11,11,12.349,0.026,20.465,1.295,21.763,45.95
272,10,10,10,12.37,0.025,19.596,1.23,20.83,48.008
273,11,11,11,12.344,0.025,19.561,1.292,20.856,47.949
274,12,12,12,12.467,0.024,19.665,1.417,21.086,47.424
275,12,12,12,12.378,0.023,19.151,1.5,20.655,48.415
276,12,12,12,12.42,0.026,19.867,1.283,21.154,47.273
277,12,12,12,12.322,0.026,19.49,1.35,20.843,47.978
278,11,11,11,12.32,0.026,19.354,1.277,20.633,48.465
279,10,10,10,12.327,0.023,19.726,1.248,20.977,47.671
280,10,10,10,12.35,0.021,22.076,1.223,23.302,42.915
281,9,9,9,12.41,0.023,23.047,1.217,24.267,41.208
282,9,9,9,12.381,0.022,21.483,1.087,22.573,44.301
283,8,8,8,12.347,0.022,20.066,1.049,21.119,47.351
284,9,9,9,12.406,0.021,20.693,1.135,21.832,45.805
285,9,9,9,13.639,0.022,20.845,1.122,21.971,45.515
286,11,11,11,12.429,0.024,19.662,1.294,20.959,47.712
287,13,13,13,12.509,0.023,19.649,1.482,21.133,47.318
288,13,13,13,12.347,0.022,20.611,1.569,22.183,45.079
289,11,11,11,12.39,0.022,20.027,1.31,21.341,46.859
290,9,9,9,12.282,0.022,20.408,1.061,21.472,46.573
291,8,8,8,12.376,0.023,19.172,0.982,20.158,49.609
292,9,9,9,12.42,0.023,19.178,1.086,20.267,49.342
293,10,10,10,12.288,0.021,19.903,1.255,21.161,47.256
294,10,10,10,12.354,0.021,19.837,1.18,21.02,47.574
295,12,12,12,12.298,0.022,19.351,1.391,20.745,48.203
296,12,12,12,12.29,0.022,19.675,1.339,21.017,47.58
297,13,13,13,12.319,0.04,22.128,1.508,23.639,42.303
298,14,14,14,12.314,0.022,20.654,1.62,22.278,44.888
299,13,13,13,12.276,0.025,20.263,1.515,21.781,45.912
300,15,15,15,12.27,0.023,20.089,2.377,22.47,44.505
301,14,14,14,12.249,0.021,23.216,1.59,24.81,40.307
302,13,13,13,12.325,0.024,22.95,1.474,24.428,40.937
303,14,14,14,12.314,0.025,20.19,1.64,21.833,45.803
304,16,16,16,12.315,0.021,20.202,1.757,21.961,45.535
305,16,16,16,12.385,0.022,20.115,1.801,21.919,45.622
306,18,18,18,14.275,0.021,20.719,1.966,22.688,44.076
307,16,16,16,12.266,0.02,20.129,1.728,21.86,45.745
308,14,14,14,12.303,0.023,19.835,1.556,21.393,46.744
309,14,14,14,12.272,0.023,20.437,1.62,22.06,45.331
310,16,16,16,12.331,0.022,20.307,1.744,22.054,45.344
311,14,14,14,12.306,0.023,19.798,1.621,21.429,46.666
312,14,14,14,12.372,0.02,19.808,1.564,21.376,46.781
313,14,14,14,12.276,0.021,19.84,1.564,21.407,46.714
314,15,15,15,12.319,0.021,19.404,1.675,21.082,47.434
315,15,15,15,13.465,0.019,19.617,1.666,21.286,46.978
316,17,17,17,12.317,0.021,21.431,1.859,23.293,42.932
317,17,17,17,12.301,0.021,19.659,1.851,21.514,46.482
318,17,17,17,12.305,0.021,20.08,1.911,21.994,45.466
319,17,17,17,12.297,0.021,19.929,1.791,21.723,46.034
320,18,18,18,12.301,0.021,20.32,1.983,22.306,44.83
321,18,18,18,12.276,0.019,20.205,1.984,22.192,45.061
322,18,18,18,12.269,0.021,20.441,1.962,22.406,44.631
323,16,16,16,12.303,0.018,20.193,1.837,22.033,45.386
324,17,17,17,12.253,0.019,23.462,1.913,25.378,39.404
325,16,16,16,12.282,0.023,20.176,1.764,21.943,45.572
326,15,15,15,12.281,0.023,20.667,1.724,22.394,44.654
327,14,14,14,12.418,0.022,20.368,1.607,21.979,45.499
328,15,15,15,12.284,0.02,20.829,1.683,22.515,44.416
329,15,15,15,12.272,0.02,20.945,1.724,22.672,44.106
330,14,14,14,12.282,0.022,20.659,1.599,22.261,44.922
331,14,14,14,12.319,0.021,20.508,1.545,22.056,45.34
332,13,13,13,12.27,0.022,20.704,1.525,22.231,44.981
333,12,12,12,12.296,0.019,20.573,1.363,21.939,45.581
334,13,13,13,12.283,0.019,20.276,1.509,21.788,45.897
335,12,12,12,12.209,0.019,21.115,1.393,22.511,44.424
336,13,13,13,12.277,0.021,20.882,1.502,22.387,44.669
337,12,12,12,12.266,0.026,20.822,1.39,22.215,45.015
338,11,11,11,12.243,0.018,20.783,1.308,22.093,45.262
339,14,14,14,12.284,0.021,20.819,1.536,22.358,44.726
340,13,13,13,12.271,0.021,20.599,1.472,22.074,45.303
341,15,15,15,12.281,0.019,20.83,1.736,22.569,44.309
342,13,13,13,12.271,0.02,21.342,1.476,22.82,43.821
343,11,11,11,12.189,0.021,20.547,1.368,21.919,45.623
344,12,12,12,12.221,0.02,20.378,1.411,21.792,45.888
345,11,11,11,12.292,0.02,20.331,1.328,21.662,46.164
346,11,11,11,12.295,0.021,20.414,1.275,21.692,46.099
347,9,9,9,12.372,0.023,20.334,1.213,21.551,46.402
348,10,10,10,12.375,0.019,20.149,1.196,21.348,46.843
349,10,10,10,12.394,0.021,20.241,1.213,21.458,46.603
350,11,11,11,12.438,0.021,20.809,1.286,22.097,45.254
351,12,12,12,12.423,0.02,23.576,1.382,24.96,40.063
352,11,11,11,12.288,0.025,22.767,1.279,24.049,41.581
353,11,11,11,12.361,0.021,20.432,1.288,21.724,46.032
354,12,12,12,13.502,0.019,20.465,1.394,21.862,45.741
355,13,13,13,12.318,0.02,20.481,1.491,21.975,45.505
356,14,14,14,12.363,0.019,20.442,1.533,21.979,45.499
357,12,12,12,12.463,0.02,20.594,1.386,21.983,45.489
358,12,12,12,12.246,0.057,20.652,1.353,22.008,45.438
359,14,14,14,12.276,0.021,21.025,1.626,22.654,44.142
360,13,13,13,12.297,0.019,20.425,1.491,21.919,45.621
361,11,11,11,12.294,0.02,20.297,2.33,22.63,44.19
362,10,10,10,12.206,0.018,20.14,1.224,21.367,46.801
363,9,9,9,12.301,0.019,20.088,1.085,21.176,47.223
364,11,11,11,12.252,0.054,20.485,1.289,21.777,45.92
365,10,10,10,12.224,0.02,20.024,1.202,21.229,47.106
366,10,10,10,12.279,0.019,20.29,1.246,21.539,46.428
367,12,12,12,14.447,0.02,20.392,1.376,21.771,45.932
368,14,14,14,12.233,0.024,20.296,1.636,21.936,45.588
369,13,13,13,12.368,0.021,20.309,1.468,21.78,45.914
370,12,12,12,12.36,0.023,20.408,1.39,21.801,45.87
371,13,13,13,12.301,0.022,20.473,1.471,21.947,45.565
372,13,13,13,12.279,0.021,20.795,1.538,22.337,44.769
373,15,15,15,12.158,0.02,20.97,1.65,22.623,44.203
374,17,17,17,12.199,0.021,20.809,1.903,22.715,44.023
375,16,16,16,12.153,0.021,20.83,1.838,22.671,44.109
376,16,16,16,12.186,0.022,21.009,1.717,22.729,43.996
377,14,14,14,12.217,0.022,21.055,1.555,22.613,44.223
378,14,14,14,12.232,0.022,24.226,1.544,25.774,38.799
379,17,17,17,12.211,0.021,21.224,1.83,23.056,43.373
380,14,14,14,12.211,0.021,20.62,1.655,22.278,44.887
381,16,16,16,12.247,0.019,20.959,1.736,22.699,44.054
382,16,16,16,12.176,0.021,20.751,1.715,22.469,44.506
383,14,14,14,12.253,0.021,20.666,1.698,22.367,44.709
384,13,13,13,12.219,0.021,20.564,1.416,21.983,45.489
385,13,13,13,12.183,0.021,20.049,1.502,21.554,46.395
386,11,11,11,12.185,0.021,20.066,1.325,21.394,46.742
387,12,12,12,12.227,0.021,20.423,1.385,21.811,45.849
388,14,14,14,12.162,0.02,20.105,1.577,21.685,46.114
389,15,15,15,12.136,0.02,20.0,1.685,21.688,46.109
390,14,14,14,12.155,0.02,20.301,1.644,21.948,45.563
391,13,13,13,12.137,0.02,20.131,1.507,21.641,46.208
392,13,13,13,12.172,0.021,20.024,1.538,21.565,46.371
393,12,12,12,12.181,0.02,19.802,1.387,21.192,47.188
394,11,11,11,12.151,0.02,20.235,1.325,21.563,46.376
395,11,11,11,12.153,0.028,20.697,1.286,21.987,45.482
396,13,13,13,12.164,0.024,20.494,1.476,21.973,45.51
397,12,12,12,12.171,0.021,20.246,1.486,21.736,46.007
398,12,12,12,12.256,0.021,20.444,1.534,21.981,45.493
399,13,13,13,12.153,0.021,20.318,1.55,21.871,45.723
400,13,13,13,12.235,0.023,22.057,1.528,23.589,42.393
401,12,12,12,12.172,0.022,22.545,1.406,23.955,41.746
402,13,13,13,12.205,0.025,23.339,1.474,24.816,40.296
403,13,13,13,12.183,0.023,20.106,1.475,21.584,46.331
404,14,14,14,12.134,0.022,20.338,1.72,22.062,45.327
405,12,12,12,12.147,0.022,22.104,1.4,23.507,42.541
406,11,11,11,12.22,0.028,19.974,1.298,21.276,47.002
407,10,10,10,12.196,0.025,19.621,1.219,20.843,47.977
408,11,11,11,12.179,0.025,19.58,1.323,20.906,47.833
409,12,12,12,12.092,0.023,19.47,1.463,20.936,47.764
410,11,11,11,12.175,0.024,19.876,1.328,21.207,47.154
411,10,10,10,12.236,0.022,20.2,1.218,21.421,46.683
412,12,12,12,12.155,0.023,20.545,1.43,21.979,45.497
413,12,12,12,12.206,0.024,19.853,1.409,21.265,47.026
414,10,10,10,12.175,0.022,20.01,1.283,21.296,46.958
415,12,12,12,12.179,0.022,19.842,1.384,21.229,47.105
416,11,11,11,12.228,0.022,20.139,1.293,21.435,46.652
417,11,11,11,12.304,0.023,20.026,1.404,21.433,46.658
418,11,11,11,12.206,0.024,19.807,1.303,21.114,47.362
419,10,10,10,12.183,0.024,19.823,1.197,21.023,47.567
420,10,10,10,12.193,0.022,19.895,1.209,21.106,47.379
421,11,11,11,12.219,0.022,20.137,1.326,21.467,46.583
422,11,11,11,12.19,0.022,19.97,1.33,21.304,46.94
423,11,11,11,12.349,0.024,19.64,1.29,20.934,47.769
424,9,9,9,12.297,0.023,20.265,1.127,21.395,46.74
425,8,8,8,12.138,0.023,19.68,1.026,20.709,48.288
426,8,8,8,12.159,0.023,20.072,1.03,21.105,47.382
427,9,9,9,12.179,0.023,19.58,1.142,20.726,48.25
428,10,10,10,12.059,0.023,20.173,1.234,21.409,46.709
429,12,12,12,12.107,0.024,19.624,1.423,21.052,47.502
430,10,10,10,12.031,0.026,19.639,1.222,20.865,47.928
431,9,9,9,12.115,0.024,19.689,1.193,20.885,47.881
432,11,11,11,12.022,0.024,19.975,1.307,21.286,46.979
433,12,12,12,12.096,0.024,20.811,1.452,22.267,44.91
434,13,13,13,12.0,0.026,20.69,1.474,22.168,45.111
435,13,13,13,12.072,0.023,20.36,1.597,21.961,45.536
436,12,12,12,11.998,0.022,20.065,1.387,21.456,46.607
437,10,10,10,12.071,0.023,20.316,1.211,21.53,46.446
438,9,9,9,12.21,0.021,19.676,1.13,20.809,48.057
439,8,8,8,12.158,0.025,19.939,1.036,20.978,47.669
440,8,8,8,12.114,0.024,19.948,1.056,21.008,47.602
441,8,8,8,12.089,0.022,19.696,1.007,20.705,48.297
442,7,7,7,12.167,0.023,19.558,0.938,20.499,48.783
443,8,8,8,12.099,0.023,19.74,1.112,20.855,47.95
444,10,10,10,12.103,0.024,20.0,1.241,21.245,47.069
445,12,12,12,12.02,0.025,19.512,1.417,20.931,47.776
446,12,12,12,11.988,0.021,20.107,1.524,21.635,46.222
447,12,12,12,12.033,0.023,20.381,1.429,21.814,45.843
448,12,12,12,11.954,0.022,20.163,1.345,21.511,46.487
449,9,9,9,11.972,0.03,20.172,1.183,21.359,46.819
450,10,10,10,12.012,0.026,20.035,1.193,21.242,47.077
451,9,9,9,12.036,0.024,23.065,1.096,24.164,41.384
452,9,9,9,11.917,0.027,23.191,1.119,24.314,41.129
453,10,10,10,11.997,0.026,19.821,1.297,21.121,47.347
454,9,9,9,11.974,0.026,20.46,1.112,21.587,46.324
455,10,10,10,11.966,0.022,19.898,1.229,21.13,47.325
456,9,9,9,11.987,0.023,20.14,1.171,21.328,46.887
457,9,9,9,12.003,0.022,19.717,1.112,20.832,48.004
458,10,10,10,12.02,0.024,19.851,1.171,21.025,47.563
459,12,12,12,11.99,0.026,20.35,1.517,21.87,45.725
460,12,12,12,11.981,0.025,20.415,1.425,21.843,45.782
461,13,13,13,11.945,0.027,23.513,1.553,25.069,39.89
462,13,13,13,12.042,0.025,20.405,1.603,22.011,45.431
463,11,11,11,12.007,0.027,20.161,1.278,21.442,46.638
464,10,10,10,11.985,0.024,20.379,1.306,21.689,46.107
465,12,12,12,12.114,0.027,20.74,1.425,22.169,45.109
466,12,12,12,12.051,0.025,20.912,1.406,22.32,44.803
467,12,12,12,12.09,0.024,20.814,1.408,22.225,44.994
468,12,12,12,12.109,0.023,21.0,1.361,22.365,44.713
469,10,10,10,12.105,0.023,20.66,1.23,21.894,45.674
470,10,10,10,12.179,0.022,20.889,1.242,22.134,45.179
471,12,12,12,12.181,0.023,20.862,1.435,22.3,44.842
472,11,11,11,12.129,0.022,20.569,1.342,21.914,45.632
473,11,11,11,12.313,0.021,20.604,1.414,22.021,45.411
474,13,13,13,12.201,0.021,21.183,1.507,22.693,44.066
475,12,12,12,12.204,0.024,21.518,1.428,22.949,43.575
476,12,12,12,12.266,0.022,20.683,1.508,22.194,45.056
477,13,13,13,12.301,0.023,21.178,1.471,22.653,44.145
478,15,15,15,12.205,0.024,21.74,1.727,23.472,42.605
479,17,17,17,12.179,0.023,21.817,1.908,23.729,42.143
480,15,15,15,12.18,0.024,22.045,1.557,23.606,42.362
481,14,14,14,12.188,0.029,21.602,1.69,23.296,42.926
482,15,15,15,12.188,0.023,22.57,1.802,24.375,41.026
483,18,18,18,12.268,0.023,22.431,2.076,24.51,40.799
484,17,17,17,12.228,0.023,22.125,1.847,23.976,41.709
485,18,18,18,12.247,0.026,21.667,1.956,23.626,42.327
486,16,16,16,12.204,0.023,22.177,1.777,23.957,41.741
487,16,16,16,12.24,0.023,24.512,1.852,26.368,37.925
488,14,14,14,12.264,0.021,21.806,1.559,23.369,42.793
489,16,16,16,12.265,0.022,21.8,1.722,23.525,42.508
490,17,17,17,12.281,0.027,22.156,1.916,24.075,41.536
491,18,18,18,12.229,0.024,22.277,1.934,24.216,41.295
492,17,17,17,12.296,0.022,22.517,1.945,24.465,40.874
493,16,16,16,12.202,0.023,21.795,1.779,23.578,42.412
494,15,15,15,12.271,0.026,21.322,1.687,23.012,43.456
495,15,15,15,12.341,0.024,24.629,1.92,26.553,37.661
496,14,14,14,12.424,0.025,21.617,1.769,23.389,42.755
497,13,13,13,12.41,0.024,21.264,1.513,22.781,43.896
498,12,12,12,12.29,0.025,21.224,1.42,22.647,44.156
499,13,13,13,12.286,0.024,21.248,1.497,22.748,43.96
500,14,14,14,12.268,0.025,21.46,1.648,23.112,43.268
501,14,14,14,12.285,0.022,24.748,1.551,26.302,38.02
502,12,12,12,12.376,0.028,23.397,1.402,24.802,40.319
503,15,15,15,12.269,0.025,21.38,1.845,23.229,43.05
504,14,14,14,12.271,0.021,21.019,1.64,22.662,44.126
505,13,13,13,13.523,0.022,21.084,1.595,22.683,44.086
506,13,13,13,12.297,0.021,20.755,1.507,22.265,44.913
507,13,13,13,12.44,0.022,20.924,1.612,22.539,44.367
508,14,14,14,12.304,0.022,20.952,1.57,22.524,44.397
509,16,16,16,12.333,0.023,20.658,1.843,22.505,44.435
510,14,14,14,12.338,0.023,23.154,1.968,25.127,39.798
511,16,16,16,12.378,0.022,23.839,2.136,25.979,38.493
512,15,15,15,12.32,0.025,24.088,1.763,25.864,38.663
513,17,17,17,12.303,0.03,22.073,2.91,24.987,40.021
514,16,16,16,12.435,0.031,21.675,1.849,23.527,42.504
515,17,17,17,12.274,0.022,21.207,1.913,23.123,43.246
516,17,17,17,12.374,0.023,21.279,1.861,23.143,43.209
517,18,18,18,12.423,0.022,21.354,2.037,23.395,42.745
518,17,17,17,12.416,0.021,21.271,1.96,23.234,43.041
519,17,17,17,15.763,0.02,21.129,1.938,23.07,43.346
520,18,18,18,12.404,0.022,21.446,1.948,23.397,42.74
521,16,16,16,12.346,0.021,21.392,1.759,23.155,43.187
522,16,16,16,13.743,0.022,21.262,1.751,23.017,43.447
523,17,17,17,12.214,0.021,21.169,2.064,23.237,43.035
524,14,14,14,12.303,0.02,21.335,1.656,22.994,43.489
525,14,14,14,12.329,0.02,20.668,1.571,22.242,44.96
526,13,13,13,12.355,0.024,21.079,1.582,22.665,44.121
527,14,14,14,12.251,0.022,20.392,1.567,21.962,45.534
528,14,14,14,12.55,0.022,20.652,1.62,22.275,44.894
529,15,15,15,12.416,0.02,20.655,1.686,22.344,44.754
530,14,14,14,12.295,0.021,20.442,1.606,22.052,45.348
531,14,14,14,13.578,0.021,20.602,1.689,22.296,44.852
532,12,12,12,12.299,0.021,20.82,1.363,22.186,45.074
533,12,12,12,12.338,0.023,20.193,1.483,21.679,46.127
534,12,12,12,12.244,0.02,20.171,1.416,21.59,46.318
535,13,13,13,12.257,0.022,20.135,1.524,21.662,46.164
536,13,13,13,12.332,0.02,20.406,1.498,21.908,45.646
537,13,13,13,12.282,0.019,20.306,1.475,21.784,45.906
538,13,13,13,12.215,0.021,20.67,1.511,22.184,45.077
539,14,14,14,12.21,0.019,22.647,1.617,24.268,41.207
540,13,13,13,12.271,0.022,20.689,1.59,22.282,44.88
541,13,13,13,12.343,0.019,20.489,2.459,22.951,43.571
542,12,12,12,12.197,0.02,20.158,1.436,21.597,46.302
543,13,13,13,12.273,0.019,19.832,1.498,21.332,46.878
544,14,14,14,12.422,0.019,20.217,1.635,21.854,45.758
545,14,14,14,12.209,0.019,20.327,1.587,21.917,45.627
546,13,13,13,12.232,0.019,20.343,1.493,21.84,45.788
547,13,13,13,14.644,0.019,20.167,1.472,21.652,46.185
548,13,13,13,12.336,0.02,20.523,1.536,22.062,45.326
549,13,13,13,12.279,0.023,20.771,1.455,22.229,44.986
550,12,12,12,12.352,0.019,20.297,1.416,21.716,46.05
551,13,13,13,12.269,0.051,22.463,1.527,23.994,41.677
552,12,12,12,12.268,0.021,22.404,1.403,23.81,41.998
553,14,14,14,12.179,0.019,20.363,1.572,21.938,45.584
554,15,15,15,12.269,0.019,19.817,1.666,21.485,46.544
555,12,12,12,12.316,0.019,20.287,1.442,21.732,46.015
556,12,12,12,12.288,0.019,20.235,1.397,21.635,46.221
557,11,11,11,12.302,0.019,20.34,1.378,21.721,46.038
558,12,12,12,12.307,0.019,19.919,1.407,21.329,46.885
559,11,11,11,12.321,0.02,20.109,1.297,21.409,46.71
560,12,12,12,12.303,0.02,19.783,1.477,21.262,47.031
561,12,12,12,12.215,0.02,20.127,1.446,21.575,46.35
562,12,12,12,12.2,0.022,19.932,1.382,21.317,46.91
563,10,10,10,12.167,0.023,20.117,1.305,21.425,46.675
564,11,11,11,12.204,0.018,19.665,1.294,20.962,47.706
565,10,10,10,12.223,0.019,19.705,1.192,20.901,47.846
566,10,10,10,12.198,0.019,23.466,1.21,24.68,40.519
567,12,12,12,12.21,0.019,20.266,1.427,21.696,46.091
568,11,11,11,12.199,0.021,20.113,1.308,21.425,46.674
569,12,12,12,12.197,0.021,20.302,1.475,21.78,45.913
570,11,11,11,12.177,0.02,19.991,1.298,21.292,46.967
571,11,11,11,12.237,0.022,20.058,1.292,21.354,46.83
572,11,11,11,12.237,0.021,19.95,1.37,21.323,46.899
573,10,10,10,12.222,0.02,19.853,1.2,21.055,47.494
574,9,9,9,12.646,0.02,19.853,1.133,20.989,47.643
575,11,11,11,12.234,0.021,20.258,1.373,21.644,46.202
576,11,11,11,12.263,0.02,20.344,1.332,21.68,46.126
577,10,10,10,12.283,0.021,19.852,1.204,21.059,47.485
578,9,9,9,12.253,0.02,20.213,1.228,21.444,46.633
579,10,10,10,12.386,0.028,19.497,1.251,20.752,48.189
580,9,9,9,12.274,0.025,19.617,1.136,20.756,48.179
581,8,8,8,13.532,0.027,19.502,1.097,20.602,48.539
582,9,9,9,12.306,0.026,19.486,1.11,20.599,48.546
583,9,9,9,12.329,0.026,19.607,1.238,20.849,47.965
584,9,9,9,12.338,0.024,19.451,1.138,20.592,48.563
585,8,8,8,13.576,0.025,19.416,1.006,20.425,48.96
586,8,8,8,12.298,0.025,19.307,1.023,20.333,49.182
587,9,9,9,12.289,0.023,20.042,1.125,21.17,47.236
588,10,10,10,12.341,0.023,20.242,1.332,21.577,46.346
589,10,10,10,12.301,0.025,19.946,1.22,21.17,47.237
590,9,9,9,12.295,0.024,19.819,1.146,20.968,47.692
591,10,10,10,12.388,0.023,19.915,1.253,21.172,47.232
592,10,10,10,12.356,0.027,20.043,1.343,21.39,46.751
593,10,10,10,12.397,0.025,19.476,1.267,20.746,48.203
594,9,9,9,12.408,0.024,20.921,1.291,22.216,45.013
595,9,9,9,12.327,0.024,19.36,1.141,20.505,48.768
596,9,9,9,12.368,0.025,18.7,1.158,19.861,50.351
597,9,9,9,12.462,0.024,18.947,1.108,20.073,49.819
598,10,10,10,12.321,0.013,19.106,1.191,20.299,49.262
599,9,9,9,12.361,0.016,19.155,1.106,20.264,49.349
600,8,8,8,12.382,0.013,21.847,2.24,24.09,41.511
