frame,timestamp_sec,capture_ms,infer_track_ms,state_ms,display_ms,total_loop_ms,person_count,average_fps,recent_fps
0,0.247691,32.073,215.113,0.098,0.005,247.307,0,4.036,4.036
1,0.312262,0.539,63.833,0.115,0.003,64.506,0,6.402,15.485
2,0.361804,0.519,48.858,0.138,0.004,49.535,0,8.289,17.522
3,0.413129,0.589,50.541,0.140,0.004,51.291,0,9.679,18.130
4,0.461064,0.530,47.210,0.140,0.004,47.899,0,10.841,18.744
5,0.510047,0.583,48.203,0.141,0.003,48.947,0,11.760,19.056
6,0.561770,0.564,50.962,0.144,0.003,51.690,0,12.457,19.101
7,0.612653,0.588,50.094,0.143,0.004,50.845,0,13.055,19.178
8,0.664727,0.561,51.313,0.146,0.004,52.041,0,13.536,19.181
9,0.714576,0.598,49.048,0.102,0.003,49.764,0,13.992,19.277
10,0.766623,0.465,51.440,0.141,0.004,52.064,0,14.346,19.269
11,0.814680,0.564,47.294,0.119,0.003,47.994,0,14.728,19.400
12,0.863673,0.475,48.356,0.137,0.003,48.986,0,15.050,19.480
13,0.910048,0.614,45.569,0.128,0.003,46.331,0,15.382,19.626
14,0.956964,0.540,46.197,0.133,0.003,46.889,0,15.672,19.738
15,1.005100,0.558,47.388,0.133,0.003,48.098,0,15.917,19.804
16,1.052513,0.538,46.687,0.131,0.004,47.376,0,16.150,19.880
17,1.102388,0.556,49.134,0.136,0.004,49.845,0,16.326,19.889
18,1.149292,0.529,46.183,0.102,0.003,46.830,0,16.530,19.965
19,1.198460,0.490,48.535,0.127,0.004,49.169,0,16.686,19.983
20,1.244711,0.531,45.541,0.130,0.003,46.221,0,16.870,20.059
21,1.292145,0.553,46.698,0.132,0.003,47.401,0,17.024,20.106
22,1.338685,0.568,45.786,0.187,0.003,46.559,0,17.179,20.164
23,1.393977,0.542,54.509,0.127,0.003,55.197,0,17.215,20.064
24,1.440188,0.567,45.466,0.101,0.003,46.149,0,17.358,20.126
25,1.486828,0.476,46.025,0.134,0.004,46.651,0,17.485,20.175
26,1.536432,0.623,48.792,0.138,0.004,49.573,0,17.572,20.174
27,1.581911,0.570,44.713,0.101,0.003,45.399,0,17.699,20.237
28,1.631549,0.543,48.954,0.145,0.003,49.663,0,17.773,20.233
29,1.679996,0.624,47.619,0.107,0.003,48.365,0,17.856,20.247
30,1.728486,0.487,47.858,0.133,0.004,48.496,0,17.933,20.259
31,1.785166,0.563,55.857,0.140,0.003,56.581,0,17.924,17.644
32,1.819417,0.582,33.472,0.131,0.004,34.204,0,18.136,21.998
33,1.859949,0.605,39.742,0.202,0.003,40.568,0,18.278,22.810
34,1.900227,0.532,39.493,0.099,0.003,40.139,0,18.418,23.297
35,1.944906,0.470,44.071,0.124,0.003,44.681,0,18.509,23.105
36,1.999149,0.547,53.522,0.124,0.003,54.211,0,18.507,22.170
37,2.044585,0.531,44.731,0.130,0.003,45.410,0,18.584,22.146
38,2.092252,0.565,46.919,0.150,0.004,47.655,0,18.639,21.992
39,2.142179,0.574,49.145,0.139,0.003,49.877,0,18.671,21.756
40,2.191926,0.585,48.963,0.249,0.004,49.820,0,18.703,21.573
41,2.240505,0.738,47.531,0.102,0.002,48.386,0,18.745,21.485
42,2.284404,0.466,43.292,0.130,0.003,43.906,0,18.822,21.587
43,2.333694,0.567,48.538,0.133,0.004,49.258,0,18.853,21.481
44,2.378481,0.540,44.062,0.115,0.002,44.734,0,18.919,21.540
45,2.424369,0.516,45.209,0.126,0.003,45.869,0,18.973,21.556
46,2.471250,0.531,46.175,0.132,0.004,46.856,0,19.018,21.542
47,2.516045,0.628,43.981,0.123,0.002,44.749,0,19.077,21.586
48,2.565039,0.553,48.270,0.130,0.003,48.971,0,19.102,21.517
49,2.613668,0.540,47.905,0.124,0.002,48.589,0,19.129,21.465
50,2.664663,0.539,50.280,0.133,0.003,50.971,0,19.138,21.364
51,2.711850,0.544,46.454,0.180,0.003,47.198,0,19.174,21.355
52,2.760554,0.556,47.907,0.131,0.003,48.615,0,19.198,21.317
53,2.808151,0.567,46.843,0.134,0.002,47.563,0,19.229,21.303
54,2.856834,0.567,47.928,0.139,0.004,48.654,0,19.251,21.270
55,2.905572,0.579,47.964,0.104,0.003,48.662,0,19.273,21.240
56,2.951096,0.466,44.912,0.099,0.003,45.491,0,19.314,21.267
57,3.000355,0.493,48.629,0.131,0.004,49.271,0,19.330,21.229
58,3.047734,0.550,46.643,0.095,0.003,47.302,0,19.358,21.225
59,3.095070,0.497,46.708,0.126,0.003,47.348,0,19.385,21.221
60,3.142745,0.545,46.953,0.124,0.003,47.640,0,19.409,21.213
61,3.209101,0.531,65.581,0.133,0.003,66.265,0,19.319,15.071
62,3.258485,0.569,48.627,0.129,0.004,49.345,0,19.333,17.281
63,3.306964,0.561,47.734,0.101,0.003,48.412,0,19.352,18.272
64,3.356248,0.474,48.667,0.134,0.004,49.294,0,19.366,18.735
65,3.404190,0.561,47.194,0.143,0.004,47.918,0,19.387,19.124
66,3.452788,0.646,47.751,0.135,0.004,48.553,0,19.404,19.352
67,3.503304,0.596,49.728,0.138,0.004,50.483,0,19.409,19.414
68,3.551111,0.625,46.985,0.138,0.003,47.769,0,19.430,19.590
69,3.602135,0.583,50.248,0.136,0.004,50.987,0,19.432,19.591
70,3.652543,0.586,49.628,1.074,0.004,51.309,1,19.433,19.580
71,3.710814,0.594,56.546,0.735,0.004,57.896,1,19.399,19.343
72,3.761031,0.715,48.710,0.136,0.003,49.580,0,19.409,19.408
73,3.812910,0.553,51.136,0.108,0.003,51.812,0,19.407,19.399
74,3.866801,0.481,53.261,0.606,0.004,54.366,1,19.393,19.323
75,3.919795,0.646,51.685,0.691,0.003,53.043,1,19.385,19.290
76,3.974381,0.573,53.268,1.058,0.003,54.916,1,19.369,19.218
77,4.027356,0.582,51.285,0.660,0.004,52.548,1,19.364,19.206
78,4.073695,0.566,45.059,0.105,0.003,45.745,0,19.392,19.336
79,4.127552,0.467,53.246,0.661,0.004,54.391,1,19.379,19.283
80,4.180554,0.584,51.701,0.405,0.002,52.704,1,19.374,19.266
81,4.234478,0.472,53.013,0.601,0.003,54.103,1,19.362,19.227
82,4.286721,0.566,51.017,0.572,0.004,52.175,1,19.360,19.224
83,4.341023,0.552,53.125,0.641,0.004,54.337,1,19.347,19.186
84,4.403031,0.581,60.730,0.603,0.003,61.933,1,19.302,19.036
85,4.456706,0.624,52.395,0.621,0.003,53.658,1,19.294,19.019
86,4.511282,0.559,53.345,0.603,0.003,54.525,1,19.282,18.992
87,4.566936,0.677,54.318,0.564,0.003,55.578,1,19.267,18.952
88,4.616787,0.620,48.613,0.480,0.003,49.729,1,19.275,18.991
89,4.668748,0.548,50.888,0.729,0.003,52.184,1,19.274,18.997
90,4.720838,0.553,50.752,0.416,0.003,51.738,1,19.275,19.007
91,4.788657,0.544,66.737,0.556,0.003,67.854,1,19.210,14.717
92,4.828342,0.547,38.528,0.588,0.003,39.681,1,19.259,18.576
93,4.873506,0.547,43.978,0.379,0.003,44.918,1,19.286,19.657
94,4.917440,0.513,43.004,0.535,0.003,44.069,1,19.317,20.334
95,4.969987,0.560,51.403,0.494,0.003,52.474,1,19.314,20.063
96,5.021390,0.526,50.334,0.538,0.003,51.415,1,19.315,19.956
97,5.074969,0.545,52.445,0.615,0.003,53.623,1,19.308,19.756
98,5.122902,0.642,46.621,0.132,0.003,47.415,0,19.324,19.912
99,5.176102,0.534,52.483,0.421,0.003,53.452,1,19.318,19.769
100,5.231577,0.481,54.535,0.738,0.003,55.772,1,19.303,19.567
101,5.280556,0.570,47.616,0.141,0.004,48.345,0,19.316,19.663
102,5.335210,0.552,53.908,0.602,0.004,55.081,1,19.304,19.527
103,5.384713,0.588,48.257,0.145,0.004,49.010,0,19.313,19.590
104,5.433872,0.591,48.367,0.127,0.004,49.104,0,19.323,19.643
105,5.487929,0.544,53.331,0.664,0.003,54.559,1,19.313,19.548
106,5.544573,0.578,55.347,0.600,0.004,56.543,1,19.296,19.420
107,5.606191,0.606,60.358,0.744,0.003,61.727,1,19.262,19.194
108,5.657170,0.569,49.602,0.148,0.004,50.340,0,19.267,19.230
109,5.706221,0.579,48.265,0.126,0.004,48.989,0,19.277,19.288
110,5.755073,0.529,48.145,0.134,0.004,48.828,0,19.287,19.343
111,5.804535,0.566,48.708,0.101,0.003,49.390,0,19.295,19.384
112,5.859136,0.465,53.996,0.587,0.003,55.066,1,19.284,19.324
113,5.907625,0.650,47.196,0.127,0.002,47.992,0,19.297,19.385
114,5.954597,0.602,46.195,0.132,0.003,46.947,0,19.312,19.457
115,6.002401,0.566,47.052,0.134,0.004,47.771,0,19.325,19.512
116,6.048724,0.546,45.590,0.133,0.003,46.288,0,19.342,19.584
117,6.104454,0.551,54.992,0.611,0.004,56.173,1,19.328,19.511
118,6.158424,0.533,52.770,0.607,0.004,53.930,1,19.321,19.475
119,6.220511,0.573,60.850,0.635,0.004,62.077,1,19.289,19.335
120,6.276769,0.592,54.975,0.613,0.004,56.198,1,19.276,19.279
121,6.349094,0.592,70.991,0.566,0.004,72.169,1,19.214,13.838
122,6.404999,0.578,54.710,0.385,0.003,55.686,1,19.203,15.626
123,6.453144,0.469,47.254,0.131,0.004,47.870,0,19.215,17.057
124,6.506722,0.610,52.787,2.080,0.004,55.495,2,19.205,17.285
125,6.565109,0.594,55.657,0.611,0.004,56.884,1,19.191,17.341
126,6.617076,0.560,50.738,0.625,0.003,51.943,1,19.191,17.631
127,6.669815,0.592,51.465,0.908,0.003,52.980,1,19.188,17.797
128,6.716125,0.464,44.895,0.140,0.003,45.517,0,19.207,18.229
129,6.767954,0.550,51.087,1.008,0.003,52.662,1,19.205,18.309
130,6.818007,0.530,48.466,0.264,0.003,49.279,0,19.213,18.489
131,6.868887,0.585,49.978,0.698,0.003,51.276,1,19.215,18.575
132,6.921416,0.488,51.305,0.524,0.004,52.335,1,19.214,18.618
133,6.974466,0.547,51.752,0.533,0.003,52.849,1,19.211,18.635
134,7.022353,0.495,46.812,0.127,0.003,47.451,0,19.224,18.790
135,7.069985,0.530,46.929,0.125,0.003,47.601,0,19.236,18.922
136,7.113719,0.759,42.798,0.101,0.003,43.674,0,19.258,19.129
137,7.159759,0.490,45.409,0.129,0.003,46.046,0,19.274,19.264
138,7.205817,0.589,45.287,0.101,0.003,45.993,0,19.290,19.386
139,7.252488,0.467,46.064,0.169,0.003,46.718,0,19.303,19.482
140,7.301077,0.545,47.824,0.122,0.004,48.510,0,19.312,19.535
141,7.347350,0.529,45.571,0.102,0.003,46.217,0,19.326,19.625
142,7.405829,0.795,57.541,0.132,0.003,58.487,0,19.309,19.494
143,7.453410,0.555,46.838,0.133,0.003,47.546,0,19.320,19.555
144,7.502495,0.565,48.332,0.124,0.002,49.039,0,19.327,19.588
145,7.546737,0.536,43.530,0.091,0.002,44.171,0,19.346,19.694
146,7.597703,0.472,50.368,0.124,0.003,50.980,0,19.348,19.691
147,7.648977,0.532,50.566,0.691,0.004,51.809,2,19.347,19.675
148,7.706840,0.591,56.524,0.574,0.003,57.708,1,19.332,19.580
149,7.755626,0.607,47.549,0.135,0.004,48.311,0,19.340,19.616
150,7.809572,0.600,53.157,0.559,0.003,54.334,1,19.334,19.573
151,7.879621,0.571,68.799,0.106,0.003,69.492,0,19.290,14.371
152,7.913727,0.529,33.432,0.103,0.002,34.077,0,19.333,19.289
153,7.955000,0.492,40.641,0.539,0.003,41.688,1,19.358,20.633
154,8.001865,0.618,45.661,0.120,0.003,46.416,0,19.370,20.850
155,8.045864,0.515,43.318,0.103,0.003,43.951,0,19.389,21.202
156,8.091894,0.566,45.321,0.157,0.003,46.063,0,19.402,21.283
157,8.138909,0.542,46.264,0.121,0.003,46.944,0,19.413,21.284
158,8.189152,0.502,49.571,0.124,0.003,50.215,0,19.416,21.101
159,8.237312,0.650,47.333,0.118,0.003,48.118,0,19.424,21.063
160,8.285059,0.514,47.069,0.128,0.004,47.729,0,19.432,21.051
161,8.332428,0.547,46.644,0.124,0.003,47.332,0,19.442,21.056
162,8.378643,0.524,45.517,0.101,0.003,46.157,0,19.454,21.104
163,8.426257,0.493,46.981,0.138,0.003,47.630,0,19.463,21.095
164,8.474105,0.550,47.107,0.129,0.004,47.820,0,19.471,21.081
165,8.521824,0.532,46.983,0.131,0.003,47.665,0,19.479,21.073
166,8.574786,0.553,52.226,0.463,0.003,53.257,1,19.475,20.912
167,8.623844,0.485,48.072,0.195,0.003,48.768,0,19.480,20.887
168,8.670770,0.603,46.075,0.101,0.003,46.796,0,19.491,20.913
169,8.721038,0.446,49.681,0.799,0.004,50.945,1,19.491,20.840
170,8.775211,0.582,52.734,0.616,0.004,53.951,1,19.485,20.711
171,8.829851,0.596,53.372,0.567,0.003,54.554,1,19.478,20.583
172,8.881015,0.535,50.012,0.591,0.004,51.157,1,19.478,20.533
173,8.934635,0.580,52.396,0.585,0.003,53.579,1,19.473,20.443
174,8.987906,0.548,52.086,0.627,0.003,53.279,1,19.469,20.367
175,9.041431,0.542,52.305,0.519,0.004,53.385,1,19.465,20.295
176,9.096134,0.549,53.586,0.604,0.003,54.758,1,19.458,20.208
177,9.146928,0.522,49.615,0.425,0.003,50.577,1,19.459,20.191
178,9.206743,0.486,58.866,0.592,0.003,59.961,1,19.441,20.040
179,9.259910,0.620,51.900,0.641,0.004,53.180,1,19.437,19.994
180,9.311762,0.568,50.589,0.400,0.003,51.573,1,19.437,19.973
181,9.376041,0.512,63.270,0.606,0.003,64.407,1,19.410,15.509
182,9.414968,0.578,37.688,0.525,0.003,38.808,1,19.436,19.357
183,9.460610,0.596,44.471,0.555,0.003,45.640,1,19.448,20.135
184,9.506310,0.505,44.590,0.597,0.004,45.709,1,19.460,20.541
185,9.556197,0.509,48.735,0.474,0.003,49.734,1,19.463,20.450
186,9.606081,0.526,48.840,0.504,0.003,49.885,1,19.466,20.379
187,9.656873,0.518,49.724,0.510,0.003,50.767,1,19.467,20.277
188,9.707994,0.528,50.039,0.405,0.003,50.985,1,19.468,20.190
189,9.759057,0.473,50.146,0.595,0.003,51.231,1,19.468,20.113
190,9.817706,0.633,57.370,0.449,0.004,58.470,1,19.454,19.763
191,9.871077,0.574,52.297,0.625,0.004,53.516,1,19.450,19.659
192,9.924339,0.596,51.984,0.562,0.003,53.161,1,19.446,19.584
193,9.974964,0.538,49.476,0.587,0.004,50.620,1,19.448,19.597
194,10.029179,0.597,52.976,0.604,0.003,54.195,1,19.442,19.509
195,10.083498,0.866,52.796,0.589,0.003,54.269,1,19.437,19.432
196,10.138098,0.562,53.399,0.379,0.003,54.354,1,19.431,19.363
197,10.188443,0.476,49.453,0.581,0.003,50.528,1,19.433,19.387
198,10.240785,0.561,51.148,0.603,0.003,52.331,1,19.431,19.371
199,10.292836,0.583,50.811,0.724,0.003,52.138,1,19.430,19.360
200,10.343554,0.561,49.378,0.734,0.003,50.693,1,19.431,19.378
201,10.403389,0.503,58.546,0.399,0.003,59.461,1,19.416,19.238
202,10.454725,0.498,50.401,0.597,0.004,51.514,1,19.416,19.245
203,10.507673,0.582,51.715,0.676,0.004,52.991,1,19.413,19.228
204,10.559423,0.549,50.470,0.900,0.003,51.937,1,19.412,19.228
205,10.613685,0.598,52.713,0.411,0.003,53.737,1,19.408,19.202
206,10.668927,0.490,54.302,0.602,0.003,55.412,1,19.401,19.155
207,10.721437,0.944,50.909,0.620,0.004,52.493,1,19.399,19.150
208,10.775279,0.579,52.585,0.549,0.003,53.731,1,19.395,19.130
209,10.828452,0.605,51.967,0.598,0.004,53.189,1,19.392,19.118
210,10.881403,0.533,51.766,0.545,0.003,52.861,1,19.390,19.111
211,10.951038,0.555,68.419,0.561,0.004,69.554,1,19.358,14.360
212,10.995547,0.616,43.281,0.602,0.003,44.518,1,19.370,17.515
213,11.039566,0.542,42.824,0.537,0.003,43.919,1,19.384,18.970
214,11.084762,0.526,44.086,0.705,0.003,45.335,1,19.395,19.655
215,11.137420,0.553,51.347,0.387,0.003,52.301,1,19.393,19.543
216,11.189094,0.463,50.786,0.610,0.003,51.877,1,19.393,19.497
217,11.242763,0.584,52.418,0.532,0.003,53.552,1,19.389,19.373
218,11.296191,0.550,52.299,0.628,0.003,53.495,1,19.386,19.284
219,11.347337,0.512,49.954,0.547,0.003,51.031,1,19.387,19.316
220,11.403543,0.593,55.016,0.646,0.004,56.274,1,19.379,19.149
221,11.458417,0.551,53.619,0.618,0.004,54.808,1,19.373,19.062
222,11.512129,0.582,52.456,0.407,0.003,53.459,1,19.370,19.030
223,11.567578,0.486,54.518,0.641,0.003,55.663,1,19.363,18.943
224,11.629283,0.560,60.449,0.609,0.004,61.638,1,19.347,18.718
225,11.669647,0.561,39.136,0.386,0.002,40.099,1,19.366,19.034
226,11.710279,0.450,39.759,0.509,0.003,40.731,1,19.384,19.304
227,11.752929,0.465,41.638,0.515,0.003,42.634,1,19.399,19.507
228,11.804128,0.549,50.085,0.372,0.003,51.020,1,19.399,19.511
229,11.854211,0.470,49.204,0.723,0.004,50.416,1,19.401,19.528
230,11.906872,0.564,51.317,0.548,0.003,52.448,1,19.400,19.503
231,11.958107,0.602,50.033,0.650,0.003,51.304,1,19.400,19.502
232,12.010979,0.567,51.602,0.622,0.003,52.809,1,19.398,19.475
233,12.067093,0.676,54.759,0.613,0.004,56.069,1,19.391,19.397
234,12.121252,0.593,52.897,0.592,0.004,54.102,1,19.386,19.357
235,12.174819,0.578,52.341,0.562,0.003,53.498,1,19.383,19.329
236,12.233404,0.613,57.359,0.555,0.003,58.546,1,19.372,19.231
237,12.284633,0.542,50.081,0.626,0.003,51.270,1,19.373,19.240
238,12.339365,0.588,53.462,0.594,0.003,54.696,1,19.368,19.204
239,12.392454,0.571,51.834,0.640,0.003,53.064,1,19.366,19.191
240,12.444405,0.547,50.710,0.592,0.004,51.868,1,19.365,19.193
241,12.521933,0.575,76.230,0.624,0.003,77.449,1,19.325,12.895
242,12.576158,0.586,52.960,0.599,0.004,54.165,1,19.321,15.180
243,12.631561,0.559,54.192,0.727,0.004,55.497,1,19.316,16.019
244,12.683711,0.556,50.811,0.827,0.004,52.216,1,19.315,16.699
245,12.740224,0.604,55.023,0.608,0.003,56.253,1,19.308,16.902
246,12.798207,0.584,56.736,0.669,0.003,58.009,1,19.299,16.956
247,12.848664,0.575,49.157,0.609,0.003,50.361,1,19.301,17.315
248,12.903693,0.594,53.771,0.404,0.003,54.785,1,19.296,17.426
249,12.952648,0.464,48.048,0.632,0.003,49.162,1,19.300,17.707
250,13.006759,0.563,52.864,0.592,0.004,54.037,1,19.297,17.783
251,13.059008,0.646,50.957,0.619,0.003,52.242,1,19.296,17.897
252,13.111768,0.626,51.459,0.640,0.003,52.744,1,19.295,17.980
253,13.166957,0.556,53.942,0.602,0.004,55.118,1,19.290,17.992
254,13.218095,0.642,49.840,0.568,0.004,51.069,1,19.291,18.096
255,13.272400,0.553,53.132,0.594,0.004,54.298,1,19.287,18.116
256,13.327561,0.556,53.956,0.653,0.004,55.186,1,19.282,18.116
257,13.380334,0.569,51.493,0.656,0.003,52.738,1,19.281,18.163
258,13.436638,0.596,54.997,0.398,0.003,56.006,1,19.275,18.145
259,13.487094,0.448,49.573,0.762,0.003,50.804,1,19.277,18.219
260,13.539628,0.603,51.104,0.620,0.003,52.347,1,19.276,18.261
261,13.592240,0.550,51.387,0.586,0.003,52.541,1,19.275,18.296
262,13.646654,0.553,53.222,0.741,0.003,54.535,1,19.271,18.297
263,13.704600,0.660,56.492,0.394,0.003,57.562,1,19.263,18.254
264,13.757866,0.465,51.979,0.588,0.003,53.049,1,19.261,18.273
265,13.811142,0.545,52.091,0.400,0.003,53.051,1,19.259,18.294
266,13.862549,0.530,50.438,0.647,0.004,51.635,1,19.260,18.333
267,13.917129,0.570,53.305,0.600,0.004,54.495,1,19.256,18.333
268,13.970410,0.577,52.048,0.376,0.003,53.016,1,19.254,18.351
269,14.030057,0.463,58.769,0.597,0.004,59.848,1,19.244,18.289
270,14.081253,0.560,49.983,0.600,0.004,51.163,1,19.245,18.328
271,14.150241,0.596,67.661,0.609,0.004,68.886,1,19.221,14.496
272,14.193836,0.581,42.349,0.638,0.004,43.588,1,19.233,17.761
273,14.238406,0.565,43.312,0.513,0.003,44.408,1,19.243,19.102
274,14.286167,0.522,46.677,0.710,0.004,47.929,1,19.248,19.511
275,14.338874,0.559,51.380,0.606,0.003,52.563,1,19.248,19.409
276,14.391663,0.572,51.557,0.682,0.003,52.832,1,19.246,19.325
277,14.445282,0.569,52.313,0.384,0.002,53.280,1,19.245,19.241
278,14.499042,0.476,52.865,0.621,0.003,53.979,1,19.242,19.148
279,14.548852,0.584,48.552,0.582,0.002,49.737,1,19.245,19.249
280,14.609941,0.585,59.870,0.395,0.003,60.865,1,19.233,18.923
281,14.666023,0.487,55.162,0.610,0.004,56.278,1,19.227,18.811
282,14.716300,0.571,49.041,0.598,0.004,50.229,1,19.230,18.897
283,14.770840,0.598,53.289,0.379,0.003,54.282,1,19.227,18.858
284,14.823832,0.475,52.097,0.673,0.003,53.263,1,19.225,18.852
285,14.875276,0.543,50.175,0.570,0.003,51.307,1,19.226,18.892
286,14.929290,0.663,52.729,0.631,0.004,54.043,1,19.223,18.867
287,14.979730,0.549,49.203,0.680,0.003,50.452,1,19.225,18.919
288,15.034973,0.593,53.915,0.663,0.004,55.191,1,19.221,18.872
289,15.088297,0.589,52.018,0.735,0.004,53.364,1,19.219,18.865
290,15.141656,0.586,51.979,0.538,0.003,53.120,1,19.218,18.862
291,15.195278,0.543,52.491,0.613,0.003,53.666,1,19.216,18.851
292,15.247565,0.593,51.025,0.662,0.004,52.300,1,19.215,18.862
293,15.302984,0.578,54.123,0.616,0.003,55.336,1,19.211,18.826
294,15.357404,0.588,53.162,0.573,0.003,54.342,1,19.208,18.807
295,15.410014,0.562,51.422,0.565,0.003,52.568,1,19.208,18.815
296,15.464965,0.533,53.801,0.609,0.003,54.962,1,19.204,18.790
297,15.518515,0.559,52.329,0.615,0.002,53.521,1,19.202,18.786
298,15.572407,0.547,52.681,0.530,0.003,53.775,1,19.200,18.778
299,15.630631,0.535,57.113,0.573,0.004,58.239,1,19.192,18.718
300,15.685356,0.539,53.559,0.604,0.004,54.721,1,19.189,18.702
301,15.753361,0.553,66.720,0.775,0.003,68.066,1,19.170,14.671
302,15.795009,0.523,40.298,0.522,0.003,41.361,1,19.183,18.255
303,15.843010,0.596,46.834,0.581,0.003,48.027,1,19.188,19.033
304,15.893631,1.038,48.953,0.715,0.003,50.726,1,19.189,19.196
305,15.950420,0.560,55.461,0.639,0.003,56.679,1,19.184,18.862
306,16.006571,0.538,54.924,0.601,0.004,56.081,1,19.179,18.680
307,16.064698,0.526,56.948,0.675,0.004,58.169,1,19.172,18.450
308,16.123937,0.558,57.949,0.662,0.004,59.189,1,19.163,18.239
309,16.175114,0.570,49.888,0.559,0.004,51.036,1,19.165,18.379
310,16.228186,0.642,51.820,0.599,0.004,53.082,1,19.163,18.422
311,16.282382,0.541,53.000,0.611,0.003,54.172,1,19.161,18.425
312,16.338010,0.610,54.351,0.567,0.003,55.546,1,19.157,18.388
313,16.392048,0.518,52.901,0.652,0.004,54.092,1,19.155,18.395
314,16.444935,0.562,51.616,0.404,0.003,52.596,1,19.154,18.436
315,16.497002,0.527,51.097,0.583,0.003,52.226,1,19.154,18.482
316,16.549768,0.546,51.584,0.585,0.003,52.734,1,19.154,18.510
317,16.602960,0.580,51.973,0.401,0.003,52.968,1,19.153,18.531
318,16.655327,0.463,51.464,0.578,0.003,52.524,1,19.152,18.558
319,16.707388,0.606,50.824,0.785,0.004,52.235,1,19.152,18.587
320,16.760584,0.542,51.808,0.650,0.003,53.020,1,19.151,18.600
321,16.811616,0.519,49.810,0.461,0.003,50.808,1,19.153,18.648
322,16.864813,0.512,52.171,0.533,0.003,53.234,1,19.152,18.654
323,16.916607,0.539,50.672,0.604,0.003,51.834,1,19.152,18.680
324,16.969983,0.565,52.154,0.389,0.003,53.123,1,19.151,18.686
325,17.027854,0.472,56.970,0.702,0.003,58.162,1,19.144,18.621
326,17.079788,0.536,50.641,0.653,0.004,51.850,1,19.145,18.645
327,17.134294,0.573,53.228,0.680,0.003,54.500,1,19.142,18.634
328,17.186244,0.542,50.674,0.538,0.004,51.772,1,19.143,18.657
329,17.239837,0.543,52.461,0.549,0.003,53.571,1,19.141,18.657
330,17.293739,0.513,52.794,0.578,0.003,53.903,1,19.139,18.653
331,17.362984,0.541,68.010,0.631,0.003,69.202,1,19.120,14.433
332,17.400030,0.613,35.744,0.506,0.003,36.880,1,19.137,18.831
333,17.446028,0.520,44.924,0.490,0.003,45.951,1,19.144,19.712
334,17.493690,0.545,46.579,0.724,0.004,47.869,1,19.149,19.991
335,17.545472,0.544,50.457,0.542,0.003,51.561,1,19.150,19.866
336,17.598917,0.561,52.293,0.589,0.003,53.462,1,19.148,19.661
337,17.652510,0.605,52.342,0.610,0.004,53.576,1,19.147,19.510
338,17.707156,0.836,53.144,0.544,0.003,54.543,1,19.144,19.353
339,17.757999,0.613,49.636,0.574,0.003,50.842,1,19.146,19.386
340,17.809979,0.539,50.816,0.581,0.003,51.953,1,19.146,19.371
341,17.863769,0.544,52.612,0.683,0.003,53.858,1,19.144,19.294
342,17.915774,0.561,50.707,0.645,0.004,51.933,1,19.144,19.290
343,17.970165,0.590,53.101,0.381,0.003,54.086,1,19.142,19.225
344,18.023051,0.467,52.000,0.571,0.003,53.056,1,19.142,19.197
345,18.074366,0.637,50.052,0.519,0.003,51.226,1,19.143,19.217
346,18.127350,0.549,51.868,0.605,0.053,53.091,1,19.142,19.193
347,18.176869,0.519,48.286,0.460,0.003,49.279,1,19.145,19.253
348,18.237318,0.512,59.437,0.519,0.003,60.485,1,19.136,19.078
349,18.290287,0.538,51.864,0.745,0.004,53.167,1,19.135,19.063
350,18.342679,0.563,51.026,0.400,0.003,52.004,1,19.135,19.070
351,18.396103,0.514,52.471,0.613,0.003,53.617,1,19.134,19.050
352,18.448661,0.580,51.308,0.407,0.003,52.311,1,19.134,19.052
353,18.502291,0.553,52.630,0.389,0.003,53.587,1,19.132,19.034
354,18.556057,0.483,52.855,0.641,0.004,53.999,1,19.131,19.012
355,18.607453,0.574,50.124,0.653,0.003,51.369,1,19.131,19.029
356,18.661412,0.587,52.661,0.646,0.003,53.915,1,19.130,19.010
357,18.712949,0.579,50.255,0.564,0.004,51.416,1,19.131,19.025
358,18.766128,0.576,51.987,0.560,0.003,53.141,1,19.130,19.017
359,18.823425,0.570,56.116,0.704,0.004,57.411,1,19.124,18.957
360,18.875311,0.583,50.539,0.772,0.004,51.914,1,19.125,18.966
361,18.940810,0.552,64.056,0.495,0.003,65.122,1,19.112,15.335
362,18.979006,0.523,37.131,0.472,0.003,38.142,1,19.126,19.346
363,19.020955,0.576,40.853,0.467,0.003,41.912,1,19.136,20.643
364,19.064898,0.581,42.849,0.622,0.003,44.069,1,19.145,21.117
365,19.114948,0.542,48.836,0.573,0.004,49.970,1,19.147,20.883
366,19.167104,0.678,50.852,0.829,0.003,52.374,1,19.147,20.559
367,19.222302,0.509,53.750,0.577,0.003,54.854,1,19.144,20.185
368,19.278674,0.551,55.191,0.552,0.004,56.315,1,19.140,19.845
369,19.336686,0.560,56.846,0.362,0.003,57.784,1,19.134,19.525
370,19.391039,0.489,53.463,0.572,0.003,54.541,1,19.132,19.398
371,19.449150,0.611,56.875,0.575,0.003,58.079,1,19.126,19.176
372,19.502754,0.582,52.395,0.379,0.003,53.371,1,19.125,19.138
373,19.558013,0.483,54.357,0.603,0.004,55.461,1,19.122,19.047
374,19.609875,0.571,50.635,0.521,0.003,51.745,1,19.123,19.066
375,19.662981,0.530,52.005,0.606,0.003,53.160,1,19.122,19.048
376,19.712734,0.599,48.492,0.509,0.003,49.617,1,19.124,19.113
377,19.765629,0.549,51.791,0.530,0.003,52.887,1,19.124,19.100
378,19.815083,0.552,48.321,0.574,0.003,49.466,1,19.126,19.158
379,19.868546,0.603,52.234,0.512,0.003,53.365,1,19.125,19.135
380,19.919540,0.484,49.956,0.606,0.004,51.064,1,19.126,19.156
381,19.971480,0.562,50.719,0.580,0.004,51.878,1,19.127,19.161
382,20.033222,0.565,60.545,0.508,0.003,61.635,1,19.118,19.004
383,20.085328,0.536,51.011,0.626,0.004,52.193,1,19.118,19.010
384,20.139437,0.565,52.858,0.651,0.004,54.093,1,19.116,18.987
385,20.192631,0.567,51.920,0.641,0.004,53.148,1,19.115,18.980
386,20.244008,0.569,50.109,0.541,0.004,51.237,1,19.116,19.000
387,20.295817,0.561,50.657,0.636,0.003,51.874,1,19.117,19.009
388,20.349112,0.563,52.041,0.643,0.004,53.267,1,19.116,19.000
389,20.402747,0.602,52.331,0.375,0.003,53.323,1,19.115,18.991
390,20.456921,0.460,53.300,0.612,0.003,54.389,1,19.113,18.970
391,20.529330,0.596,71.069,0.618,0.004,72.304,1,19.094,13.811
392,20.583326,0.563,52.754,0.607,0.004,53.945,1,19.093,15.824
393,20.643680,0.584,59.066,0.594,0.003,60.263,1,19.085,16.066
394,20.697718,0.546,52.696,0.701,0.004,53.963,1,19.084,16.606
395,20.749194,0.547,50.172,0.606,0.003,51.344,1,19.085,17.108
396,20.803740,0.605,53.281,0.716,0.003,54.619,1,19.082,17.295
397,20.859242,0.530,54.184,0.670,0.003,55.404,1,19.080,17.397
398,20.909652,0.563,49.067,0.412,0.003,50.110,1,19.082,17.679
399,20.963551,0.486,52.961,0.597,0.003,54.062,1,19.080,17.765
400,21.016204,0.546,51.453,0.648,0.004,52.668,1,19.080,17.879
401,21.069819,0.578,52.332,0.552,0.004,53.481,1,19.079,17.950
402,21.123831,0.520,52.887,0.731,0.004,54.156,1,19.077,17.991
403,21.176488,0.591,51.283,0.410,0.003,52.298,1,19.077,18.072
404,21.236536,0.528,59.071,0.531,0.003,60.147,1,19.070,17.960
405,21.275123,0.523,37.480,0.418,0.003,38.437,1,19.083,18.338
406,21.320760,0.555,44.624,0.558,0.003,45.756,1,19.089,18.523
407,21.366593,0.543,44.683,0.503,0.003,45.746,1,19.095,18.691
408,21.417286,0.505,49.635,0.500,0.003,50.658,1,19.096,18.745
409,21.468928,0.552,50.543,0.511,0.003,51.621,1,19.097,18.777
410,21.519463,0.461,49.522,0.584,0.003,50.585,1,19.098,18.823
411,21.570904,0.546,50.260,0.524,0.003,51.347,1,19.099,18.853
412,21.622263,0.627,50.159,0.583,0.004,51.388,1,19.100,18.879
413,21.673893,0.552,50.440,0.521,0.003,51.530,1,19.101,18.901
414,21.726189,0.534,51.193,0.559,0.003,52.304,1,19.101,18.909
415,21.777732,0.544,50.391,0.509,0.003,51.461,1,19.102,18.929
416,21.835518,0.530,56.700,0.617,0.003,57.865,1,19.097,18.860
417,21.888382,0.549,51.647,0.564,0.004,52.779,1,19.096,18.863
418,21.939675,0.563,50.113,0.654,0.003,51.349,1,19.097,18.883
419,21.990860,0.573,49.902,0.619,0.004,51.114,1,19.098,18.906
420,22.042213,0.627,50.049,0.395,0.003,51.086,1,19.099,18.927
421,22.114452,0.479,71.270,0.610,0.003,72.377,1,19.082,13.803
422,22.156277,0.576,40.584,0.571,0.003,41.749,1,19.091,17.508
423,22.202123,0.543,44.680,0.522,0.003,45.762,1,19.097,18.747
424,22.247669,0.513,44.463,0.760,0.004,45.756,1,19.102,19.435
425,22.299688,0.625,50.578,0.598,0.003,51.819,1,19.103,19.405
426,22.350787,0.530,49.919,0.598,0.004,51.067,1,19.104,19.432
427,22.403487,0.634,51.410,0.606,0.004,52.669,1,19.104,19.365
428,22.454801,0.552,50.103,0.553,0.003,51.227,1,19.105,19.383
429,22.505372,0.604,49.360,0.482,0.003,50.464,1,19.106,19.428
430,22.558608,0.530,52.178,0.647,0.004,53.374,1,19.105,19.356
431,22.609775,0.589,49.875,0.446,0.003,50.927,1,19.106,19.380
432,22.663630,0.534,52.824,0.663,0.003,54.041,1,19.105,19.303
433,22.716935,0.565,52.019,0.572,0.004,53.176,1,19.104,19.262
434,22.770000,0.568,51.870,0.547,0.003,53.004,1,19.104,19.233
435,22.823376,0.529,52.248,0.691,0.004,53.490,1,19.103,19.195
436,22.876735,0.608,51.999,0.571,0.004,53.198,1,19.102,19.169
437,22.930449,0.547,52.545,0.562,0.003,53.671,1,19.101,19.136
438,22.983034,0.553,51.419,0.632,0.004,52.624,1,19.101,19.128
439,23.043271,0.630,58.919,0.529,0.003,60.095,1,19.094,18.978
440,23.083380,0.572,38.962,0.497,0.003,40.048,1,19.104,19.207
441,23.126061,0.521,41.622,0.480,0.003,42.640,1,19.112,19.374
442,23.169902,0.499,42.817,0.467,0.003,43.799,1,19.119,19.508
443,23.219829,0.527,48.888,0.588,0.003,50.020,1,19.121,19.528
444,23.270826,0.542,49.815,0.481,0.003,50.855,1,19.122,19.533
445,23.322235,0.514,50.368,0.559,0.003,51.459,1,19.123,19.529
446,23.372550,0.542,49.163,0.561,0.003,50.285,1,19.125,19.542
447,23.423780,0.563,50.053,0.555,0.003,51.187,1,19.125,19.541
448,23.474538,0.498,49.662,0.444,0.003,50.621,1,19.127,19.548
449,23.527249,0.491,51.734,0.465,0.003,52.706,1,19.126,19.527
450,23.575575,0.577,47.239,0.514,0.003,48.345,1,19.130,19.563
451,23.652922,0.516,76.225,0.408,0.003,77.163,1,19.109,12.948
452,23.691726,0.476,37.882,0.608,0.003,38.982,1,19.120,17.206
453,23.731664,0.505,38.780,0.507,0.003,39.807,1,19.130,19.222
454,23.776671,0.538,43.918,0.622,0.003,45.094,1,19.136,19.881
455,23.825062,0.504,47.219,0.505,0.003,48.245,1,19.139,20.042
456,23.872517,0.518,46.383,0.465,0.003,47.382,1,19.143,20.210
457,23.922800,0.530,49.244,0.529,0.003,50.319,1,19.144,20.159
458,23.971697,0.500,47.819,0.538,0.003,48.874,1,19.147,20.195
459,24.021890,0.551,49.056,0.505,0.003,50.129,1,19.149,20.166
460,24.071685,0.531,48.710,0.612,0.003,49.872,1,19.151,20.153
461,24.123027,0.550,50.129,0.563,0.003,51.261,1,19.151,20.092
462,24.173001,0.667,48.693,0.592,0.003,49.969,1,19.153,20.084
463,24.232597,0.545,58.406,0.663,0.003,59.632,1,19.147,19.782
464,24.286600,0.804,52.484,0.561,0.003,53.867,1,19.146,19.689
465,24.341184,1.009,52.963,0.612,0.003,54.606,1,19.144,19.590
466,24.395939,0.554,53.529,0.633,0.004,54.734,1,19.142,19.501
467,24.449721,0.569,52.524,0.624,0.004,53.738,1,19.141,19.445
468,24.503532,0.593,52.538,0.612,0.003,53.762,1,19.140,19.396
469,24.556113,0.566,51.351,0.710,0.003,52.646,1,19.139,19.373
470,24.608023,1.101,50.041,0.528,0.003,51.690,1,19.140,19.371
471,24.660270,0.527,51.143,0.632,0.004,52.321,1,19.140,19.358
472,24.711176,0.556,49.662,0.641,0.003,50.879,1,19.141,19.371
473,24.765311,0.580,52.860,0.593,0.003,54.053,1,19.139,19.331
474,24.820441,0.606,53.873,0.636,0.004,55.136,1,19.137,19.277
475,24.872392,0.571,50.690,0.626,0.003,51.907,1,19.137,19.276
476,24.927496,0.575,53.847,0.657,0.003,55.100,1,19.135,19.230
477,24.980617,0.551,51.858,0.617,0.003,53.045,1,19.134,19.215
478,25.035563,0.575,53.700,0.614,0.003,54.907,1,19.132,19.177
479,25.089655,0.536,52.892,0.567,0.003,54.013,1,19.131,19.153
480,25.142133,0.554,51.307,0.420,0.003,52.295,1,19.131,19.152
481,25.217260,0.473,74.145,0.614,0.004,75.250,1,19.113,13.278
482,25.272999,0.587,54.481,0.612,0.004,55.700,1,19.111,15.261
483,25.329017,0.556,54.796,0.618,0.004,55.990,1,19.108,16.036
484,25.383226,0.574,52.959,0.784,0.004,54.340,1,19.107,16.567
485,25.444338,0.561,59.708,0.598,0.004,60.887,1,19.100,16.536
486,25.501007,0.594,55.418,0.388,0.003,56.416,1,19.097,16.721
487,25.555034,0.463,53.137,0.610,0.004,54.228,1,19.096,16.946
488,25.608779,0.618,52.461,0.409,0.003,53.504,1,19.095,17.144
489,25.663836,0.487,54.123,0.678,0.004,55.305,1,19.093,17.243
490,25.715575,0.572,50.434,0.648,0.004,51.675,1,19.093,17.432
491,25.770528,0.587,53.662,0.542,0.003,54.808,1,19.091,17.502
492,25.824169,0.541,52.507,0.615,0.004,53.684,1,19.090,17.589
493,25.877076,0.591,51.645,0.636,0.004,52.892,1,19.090,17.683
494,25.932180,0.594,53.817,0.646,0.004,55.077,1,19.088,17.716
495,25.987096,0.584,53.629,0.581,0.003,54.814,1,19.086,17.749
496,26.051261,0.648,62.879,0.594,0.003,64.142,1,19.077,17.596
497,26.095676,0.612,43.152,0.992,0.004,44.776,1,19.083,17.818
498,26.141415,0.517,44.178,0.389,0.003,45.099,1,19.088,18.014
499,26.189442,0.487,47.114,0.722,0.003,48.341,1,19.091,18.137
500,26.239925,0.540,49.168,0.611,0.004,50.337,1,19.093,18.215
501,26.293873,0.536,52.752,0.606,0.004,53.914,1,19.091,18.230
502,26.344726,0.564,49.623,0.602,0.004,50.809,1,19.093,18.291
503,26.401276,0.595,55.295,0.379,0.003,56.285,1,19.090,18.267
504,26.455751,0.487,53.570,0.666,0.004,54.741,1,19.088,18.267
505,26.511563,0.591,54.498,0.629,0.003,55.738,1,19.086,18.253
506,26.569290,0.574,56.470,0.592,0.004,57.656,1,19.082,18.216
507,26.627623,0.570,57.116,0.649,0.003,58.353,1,19.077,18.173
508,26.679238,0.558,50.356,0.632,0.003,51.565,1,19.078,18.214
509,26.733913,0.616,53.369,0.384,0.003,54.385,1,19.077,18.219
510,26.785732,0.482,50.915,0.558,0.003,51.973,1,19.077,18.251
511,26.853594,0.561,66.617,0.579,0.004,67.778,1,19.066,14.734
512,26.894812,0.575,40.006,0.439,0.003,41.036,1,19.074,18.357
513,26.936550,0.468,40.790,0.430,0.003,41.703,1,19.082,19.910
514,26.981172,0.514,43.636,0.634,0.003,44.802,1,19.087,20.460
515,27.032005,0.553,49.595,0.516,0.003,50.681,1,19.088,20.307
516,27.083392,0.536,50.288,0.626,0.004,51.468,1,19.089,20.153
517,27.136636,0.575,51.988,0.489,0.003,53.069,1,19.088,19.953
518,27.189334,0.517,51.647,0.594,0.003,52.777,1,19.088,19.820
519,27.251236,0.939,60.313,0.623,0.004,61.896,1,19.081,19.332
520,27.307441,0.643,54.882,0.628,0.003,56.173,1,19.079,19.166
521,27.363445,0.561,54.762,0.648,0.004,55.991,1,19.076,19.038
522,27.416912,0.579,52.180,0.612,0.004,53.392,1,19.075,19.011
523,27.473085,0.575,54.930,0.496,0.003,56.017,1,19.073,18.915
524,27.528688,0.509,54.423,0.609,0.004,55.560,1,19.071,18.843
525,27.581141,0.584,51.205,0.627,0.004,52.435,1,19.071,18.857
526,27.636082,0.591,53.667,0.497,0.003,54.772,1,19.069,18.817
527,27.688847,0.541,51.680,0.621,0.004,52.862,1,19.069,18.823
528,27.741143,0.604,51.015,0.621,0.004,52.261,1,19.069,18.839
529,27.795705,0.559,53.326,0.844,0.004,54.752,1,19.067,18.807
530,27.855034,0.568,57.857,0.433,0.003,58.872,1,19.063,18.706
531,27.895128,0.518,39.105,0.528,0.004,40.167,1,19.071,18.930
532,27.932370,0.593,36.071,0.402,0.003,37.081,1,19.082,19.189
533,27.973138,0.494,39.833,0.430,0.003,40.772,1,19.089,19.372
534,28.022428,0.502,48.314,0.511,0.003,49.343,1,19.092,19.407
535,28.071545,0.512,48.047,0.568,0.003,49.145,1,19.094,19.443
536,28.122351,0.558,49.630,0.528,0.004,50.734,1,19.095,19.453
537,28.173303,0.510,49.862,0.528,0.003,50.916,1,19.096,19.459
538,28.227552,0.533,53.141,0.658,0.004,54.351,1,19.094,19.419
539,28.279684,0.579,50.838,0.592,0.003,52.027,1,19.095,19.411
540,28.333446,0.562,52.556,0.385,0.003,53.518,1,19.094,19.386
541,28.397673,0.476,63.272,0.525,0.003,64.289,1,19.086,15.538
542,28.440053,0.591,41.214,0.451,0.003,42.273,1,19.092,18.750
543,28.484905,0.505,43.852,0.606,0.004,44.981,1,19.097,19.780
544,28.532836,0.543,46.733,0.653,0.003,47.946,1,19.100,20.035
545,28.586193,0.768,51.882,0.535,0.004,53.203,1,19.100,19.772
546,28.636833,0.533,49.521,0.492,0.003,50.564,1,19.101,19.770
547,28.687416,0.551,49.491,0.653,0.004,50.714,1,19.102,19.761
548,28.737310,0.559,48.627,0.497,0.003,49.700,1,19.104,19.804
549,28.789534,0.541,51.141,0.554,0.003,52.254,1,19.104,19.726
550,28.840118,0.515,49.463,0.560,0.004,50.556,1,19.105,19.730
551,28.892715,0.564,51.423,0.587,0.004,52.594,1,19.105,19.662
552,28.942035,0.563,48.118,0.433,0.003,49.131,1,19.107,19.716
553,28.994472,0.542,51.414,0.502,0.003,52.474,1,19.107,19.663
554,29.052312,0.535,56.757,0.630,0.003,57.942,1,19.103,19.469
555,29.104364,0.572,50.793,0.555,0.003,51.939,1,19.103,19.453
556,29.157240,0.559,51.709,0.607,0.004,52.894,1,19.103,19.417
557,29.207330,0.519,48.910,0.393,0.003,49.836,1,19.105,19.453
558,29.258691,0.567,50.362,0.599,0.003,51.547,1,19.105,19.450
559,29.313800,0.550,53.907,0.596,0.003,55.071,1,19.103,19.377
560,29.367339,0.532,52.363,0.373,0.003,53.282,1,19.103,19.345
561,29.420710,0.567,52.392,0.580,0.004,53.558,1,19.102,19.311
562,29.471015,0.558,49.114,0.453,0.002,50.140,1,19.103,19.338
563,29.521595,0.578,49.507,0.541,0.003,50.642,1,19.104,19.355
564,29.571904,0.555,49.164,0.609,0.003,50.345,1,19.106,19.376
565,29.627594,0.592,54.437,0.497,0.002,55.541,1,19.103,19.316
566,29.677083,0.487,48.466,0.525,0.003,49.493,1,19.105,19.349
567,29.730457,0.549,52.253,0.556,0.004,53.377,1,19.105,19.325
568,29.780679,0.539,49.075,0.551,0.004,50.181,1,19.106,19.345
569,29.834556,0.495,52.789,0.517,0.004,53.818,1,19.105,19.317
570,29.889043,0.543,53.379,0.605,0.003,54.546,1,19.104,19.283
571,29.957107,0.557,66.776,0.646,0.004,68.000,1,19.094,14.686
572,29.997294,0.552,38.933,0.560,0.003,40.063,1,19.101,18.485
573,30.040567,0.536,42.127,0.403,0.003,43.080,1,19.107,19.827
574,30.087130,0.476,45.645,0.711,0.003,46.852,1,19.111,20.184
575,30.137145,0.573,48.676,0.534,0.003,49.799,1,19.112,20.160
576,30.190412,0.550,52.134,0.605,0.003,53.307,1,19.112,19.910
577,30.250147,0.544,58.532,0.572,0.003,59.667,1,19.107,19.387
578,30.303070,0.578,51.720,0.557,0.004,52.873,1,19.107,19.325
579,30.355834,0.629,51.526,0.691,0.003,52.867,1,19.106,19.278
580,30.408076,0.583,50.914,0.605,0.003,52.120,1,19.106,19.267
581,30.462334,0.572,53.030,0.461,0.003,54.080,1,19.105,19.193
582,30.512792,0.540,49.408,0.577,0.003,50.543,1,19.106,19.240
583,30.567073,0.616,53.034,0.385,0.003,54.049,1,19.105,19.180
584,30.618312,0.511,50.305,0.570,0.003,51.404,1,19.106,19.199
585,30.671066,0.567,51.565,0.529,0.003,52.678,1,19.106,19.183
586,30.723300,0.611,51.043,0.639,0.004,52.314,1,19.106,19.178
587,30.774850,0.567,50.242,0.553,0.003,51.381,1,19.106,19.193
588,30.831562,0.568,55.542,0.389,0.003,56.513,1,19.104,19.102
589,30.882171,0.556,49.597,0.645,0.003,50.816,1,19.104,19.131
590,30.934231,0.505,50.862,0.525,0.003,51.908,1,19.105,19.137
591,30.986560,0.506,51.249,0.594,0.003,52.369,1,19.105,19.135
592,31.038334,0.562,50.562,0.476,0.003,51.616,1,19.105,19.145
593,31.093070,0.863,53.350,0.621,0.003,54.854,1,19.104,19.103
594,31.147342,0.568,53.029,0.605,0.004,54.222,1,19.102,19.074
595,31.203889,0.611,54.988,0.645,0.004,56.265,1,19.100,19.013
596,31.257122,0.575,51.956,0.607,0.004,53.157,1,19.099,19.005
597,31.310242,0.576,51.883,0.529,0.003,53.005,1,19.099,18.999
598,31.365492,0.557,54.114,0.395,0.002,55.081,1,19.097,18.967
599,31.418323,0.461,51.940,0.579,0.003,52.997,1,19.097,18.964
600,31.469966,0.568,50.441,0.509,0.003,51.536,1,19.097,18.978
601,31.542082,0.529,70.963,0.641,0.004,72.153,1,19.085,13.843
602,31.599087,0.596,55.714,0.395,0.002,56.718,1,19.083,15.504
603,31.653810,0.503,53.790,0.572,0.003,54.883,1,19.081,16.313
604,31.706575,0.561,51.580,0.564,0.003,52.721,1,19.081,16.902
605,31.761532,0.478,53.875,0.619,0.003,54.989,1,19.079,17.143
606,31.813823,0.575,51.044,0.589,0.002,52.227,1,19.079,17.446
607,31.867749,0.550,52.738,0.644,0.004,53.952,1,19.078,17.592
608,31.923263,0.589,54.224,0.596,0.004,55.429,1,19.077,17.645
609,31.974294,0.585,49.793,0.402,0.003,50.796,1,19.078,17.850
610,32.031509,0.491,56.283,0.624,0.003,57.416,1,19.075,17.805
611,32.085845,0.547,53.108,0.642,0.004,54.317,1,19.073,17.857
612,32.139836,0.586,52.709,0.644,0.003,53.957,1,19.073,17.911
613,32.196046,0.582,54.930,0.619,0.003,56.150,1,19.070,17.902
614,32.246505,0.572,49.211,0.542,0.003,50.344,1,19.072,18.028
615,32.300645,0.553,52.995,0.559,0.004,54.126,1,19.070,18.057
616,32.355325,0.552,53.514,0.632,0.004,54.763,1,19.069,18.069
617,32.412365,0.582,55.722,0.599,0.003,56.921,1,19.066,18.038
618,32.468272,0.573,54.683,0.618,0.003,55.893,1,19.064,18.029
619,32.525414,0.573,55.896,0.773,0.004,57.265,1,19.062,17.997
620,32.576124,0.573,49.303,0.509,0.003,50.403,1,19.063,18.081
621,32.632525,0.550,55.294,0.463,0.003,56.323,1,19.060,18.064
622,32.687576,0.485,54.063,0.676,0.004,55.245,1,19.059,18.066
623,32.741154,0.591,52.251,0.524,0.004,53.384,1,19.058,18.093
624,32.794871,0.539,52.605,0.555,0.004,53.718,1,19.058,18.114
625,32.847371,0.604,51.288,0.728,0.004,52.642,1,19.057,18.147
626,32.901493,0.578,52.758,0.555,0.003,53.910,1,19.057,18.162
627,32.954702,0.568,52.032,0.666,0.004,53.286,1,19.056,18.183
628,33.007338,0.643,51.270,0.580,0.004,52.513,1,19.056,18.212
629,33.062433,0.557,53.875,0.605,0.003,55.055,1,19.055,18.210
630,33.115004,0.563,51.347,0.618,0.004,52.548,1,19.054,18.236
631,33.186731,0.621,70.362,0.582,0.003,71.584,1,19.043,13.951
632,33.248409,0.567,60.473,0.552,0.003,61.610,1,19.038,15.001
633,33.303796,0.556,54.227,0.663,0.003,55.465,1,19.036,15.888
634,33.358890,0.649,53.727,0.752,0.004,55.149,1,19.035,16.393
635,33.411226,0.613,50.914,0.598,0.004,52.144,1,19.035,16.881
636,33.466645,0.648,54.117,0.550,0.004,55.333,1,19.034,17.067
637,33.521209,0.548,53.415,0.651,0.004,54.633,1,19.032,17.232
638,33.572959,0.567,50.476,0.388,0.003,51.447,1,19.033,17.478
639,33.626592,0.487,52.719,0.604,0.003,53.828,1,19.032,17.593
640,33.676849,0.579,49.019,0.641,0.004,50.258,1,19.033,17.798
641,33.731726,0.595,53.586,0.417,0.002,54.612,1,19.032,17.842
642,33.783636,0.468,50.990,0.702,0.003,52.177,1,19.032,17.945
643,33.842097,0.571,57.132,0.672,0.003,58.395,1,19.029,17.878
644,33.898865,0.580,55.459,0.377,0.003,56.431,1,19.027,17.866
645,33.952583,0.473,52.829,0.562,0.004,53.883,1,19.026,17.910
646,34.006336,0.560,52.578,0.405,0.003,53.557,1,19.026,17.955
647,34.061847,0.527,54.540,0.610,0.004,55.696,1,19.024,17.955
648,34.115035,0.570,51.952,0.512,0.003,53.051,1,19.024,18.002
649,34.168065,0.599,51.872,0.708,0.004,53.200,1,19.023,18.041
650,34.221156,0.567,51.759,0.614,0.003,52.959,1,19.023,18.081
651,34.272031,0.577,49.631,0.557,0.003,50.783,1,19.024,18.151
652,34.326152,0.571,52.937,0.558,0.004,54.085,1,19.023,18.166
653,34.376250,0.551,48.936,0.536,0.004,50.041,1,19.024,18.237
654,34.430215,0.558,52.680,0.566,0.003,53.825,1,19.024,18.249
655,34.482394,0.545,51.015,0.627,0.004,52.207,1,19.024,18.283
656,34.536499,0.578,52.844,0.386,0.003,53.826,1,19.023,18.294
657,34.591471,0.549,53.986,0.680,0.004,55.236,1,19.022,18.286
658,34.645949,0.572,53.165,0.457,0.004,54.210,1,19.021,18.291
659,34.700236,0.565,53.221,0.612,0.003,54.416,1,19.020,18.294
660,34.755878,0.589,54.388,0.695,0.004,55.692,1,19.018,18.282
661,34.828232,0.538,70.994,0.628,0.004,72.181,1,19.007,13.836
662,34.879725,0.587,50.222,0.705,0.004,51.535,1,19.008,16.149
663,34.934577,0.593,53.496,0.567,0.003,54.675,1,19.007,16.801
664,34.986964,0.566,51.201,0.546,0.003,52.330,1,19.007,17.322
665,35.044472,0.541,56.378,0.614,0.004,57.552,1,19.004,17.331
666,35.100415,0.597,54.675,0.380,0.003,55.668,1,19.002,17.431
667,35.153097,0.482,51.781,0.620,0.003,52.901,1,19.002,17.626
668,35.204789,0.560,50.457,0.610,0.004,51.648,1,19.003,17.825
669,35.257290,0.526,51.310,0.811,0.003,52.665,1,19.003,17.946
670,35.307731,0.541,49.037,0.600,0.003,50.195,1,19.004,18.124
671,35.363899,0.557,54.963,0.722,0.004,56.262,1,19.002,18.091
672,35.421847,0.555,56.614,0.575,0.004,57.764,1,18.999,18.022
673,35.476924,0.575,53.874,0.636,0.003,55.104,1,18.998,18.031
674,35.533532,0.836,55.079,0.571,0.003,56.505,1,18.996,18.006
675,35.589617,0.549,54.911,0.648,0.004,56.129,1,18.994,17.993
676,35.650375,0.562,59.491,0.560,0.003,60.632,1,18.990,17.890
677,35.706017,0.561,54.468,0.381,0.003,55.425,1,18.988,17.898
678,35.762495,0.486,55.573,0.600,0.004,56.676,1,18.986,17.884
679,35.813697,0.547,49.999,0.819,0.004,51.388,1,18.987,17.960
680,35.868890,0.580,53.732,0.530,0.003,54.861,1,18.986,17.972
681,35.921911,0.550,51.892,0.635,0.003,53.096,1,18.985,18.011
682,35.974391,0.564,51.224,0.642,0.003,52.450,1,18.985,18.056
683,36.030938,0.594,55.255,0.397,0.003,56.262,1,18.983,18.043
684,36.085284,0.477,53.433,0.561,0.004,54.489,1,18.983,18.055
685,36.139853,0.554,53.400,0.562,0.003,54.535,1,18.982,18.066
686,36.193173,0.546,52.162,0.564,0.004,53.291,1,18.981,18.091
687,36.251228,0.558,56.882,0.537,0.004,57.995,1,18.978,18.058
688,36.301705,0.545,49.349,0.518,0.003,50.428,1,18.980,18.116
689,36.356487,0.551,53.666,0.643,0.004,54.879,1,18.978,18.119
690,36.407779,0.573,50.018,0.584,0.003,51.194,1,18.979,18.162
691,36.479207,0.557,70.172,0.540,0.003,71.288,1,18.969,14.011
692,36.520776,0.608,40.367,0.593,0.004,41.588,1,18.975,17.700
693,36.565878,0.562,43.893,0.394,0.002,44.862,1,18.979,19.000
694,36.608193,0.488,41.396,0.591,0.003,42.490,1,18.985,19.959
695,36.658258,0.531,48.896,0.551,0.003,49.995,1,18.986,19.965
696,36.707697,0.538,48.301,0.541,0.003,49.397,1,18.988,20.009
697,36.759709,0.542,50.883,0.601,0.003,52.043,1,18.988,19.890
698,36.808764,0.558,47.845,0.511,0.003,48.929,1,18.990,19.955
699,36.861142,0.546,51.274,0.571,0.003,52.409,1,18.990,19.853
700,36.913247,0.573,50.908,0.516,0.003,52.015,1,18.990,19.787
701,36.966029,0.553,51.663,0.399,0.003,52.629,1,18.990,19.711
702,37.017371,0.486,50.419,0.580,0.003,51.502,1,18.991,19.686
703,37.068566,0.495,50.071,0.517,0.004,51.100,1,18.992,19.676
704,37.120299,0.549,50.617,0.592,0.003,51.777,1,18.992,19.649
705,37.171806,0.563,50.299,0.659,0.003,51.540,1,18.993,19.631
706,37.225936,0.526,52.891,0.565,0.003,54.000,1,18.992,19.557
707,37.277288,0.565,50.170,0.612,0.003,51.367,1,18.992,19.551
708,37.331056,0.593,52.504,0.398,0.003,53.511,1,18.992,19.500
709,37.384486,0.519,52.476,0.770,0.003,53.784,1,18.991,19.450
710,37.437861,0.551,51.998,0.387,0.003,52.950,1,18.991,19.420
711,37.491688,0.489,52.913,0.666,0.003,54.085,1,18.991,19.373
712,37.546282,0.561,53.312,0.575,0.004,54.467,1,18.990,19.324
713,37.601422,0.569,53.942,0.515,0.003,55.046,1,18.988,19.270
714,37.663263,0.548,60.727,0.566,0.003,61.860,1,18.984,19.117
715,37.717941,0.627,53.430,0.621,0.003,54.698,1,18.983,19.081
716,37.771443,0.569,52.255,0.397,0.003,53.237,1,18.982,19.069
717,37.826508,0.512,54.119,0.576,0.003,55.224,1,18.981,19.031
718,37.880811,0.559,53.114,0.642,0.004,54.335,1,18.980,19.008
719,37.937836,0.581,55.745,0.390,0.003,56.731,1,18.978,18.956
720,37.992085,0.487,53.335,0.589,0.003,54.428,1,18.977,18.936
721,38.059805,0.607,66.174,0.591,0.003,67.392,1,18.970,14.769
722,38.097238,0.526,36.268,0.372,0.003,37.180,1,18.978,19.061
723,38.141032,0.464,42.919,0.523,0.004,43.923,1,18.982,20.152
724,38.186645,0.555,44.486,0.751,0.003,45.811,1,18.985,20.543
725,38.243891,0.618,55.821,0.658,0.003,57.117,1,18.983,19.852
726,38.298712,0.573,53.534,0.530,0.003,54.654,1,18.982,19.572
727,38.352535,0.526,52.718,0.646,0.004,53.910,1,18.981,19.418
728,38.406026,0.901,51.885,0.389,0.003,53.192,1,18.981,19.336
729,38.460733,0.490,53.790,0.553,0.004,54.850,1,18.980,19.206
730,38.509728,0.551,47.838,0.551,0.003,48.957,1,18.982,19.320
731,38.563389,0.569,52.492,0.623,0.004,53.703,1,18.981,19.253
732,38.614799,0.567,50.163,0.642,0.004,51.391,1,18.982,19.269
733,38.667918,0.629,51.794,0.614,0.003,53.055,1,18.982,19.235
734,38.722676,0.562,53.530,0.650,0.003,54.762,1,18.981,19.161
735,38.777250,0.538,53.331,0.680,0.004,54.570,1,18.980,19.102
736,38.840681,0.582,62.113,0.675,0.004,63.390,1,18.975,18.853
737,38.899372,0.736,57.224,0.641,0.003,58.622,1,18.972,18.736
738,38.955191,0.580,54.541,0.627,0.003,55.767,1,18.970,18.689
739,39.008531,0.604,52.055,0.789,0.004,53.469,1,18.970,18.689
740,39.065664,0.858,55.426,0.539,0.003,56.842,1,18.968,18.630
741,39.119075,0.550,52.271,0.625,0.004,53.465,1,18.967,18.633
742,39.172703,0.912,52.034,0.385,0.003,53.347,1,18.967,18.638
743,39.228036,0.491,54.419,0.606,0.004,55.535,1,18.966,18.609
744,39.282009,0.770,52.540,0.561,0.003,53.889,1,18.965,18.606
745,39.334983,0.570,51.791,0.506,0.003,52.884,1,18.965,18.618
746,39.390151,0.607,54.003,0.573,0.003,55.202,1,18.964,18.597
747,39.448558,0.554,57.226,0.630,0.004,58.430,1,18.961,18.538
748,39.501064,0.577,51.242,0.601,0.004,52.439,1,18.961,18.556
749,39.553211,0.571,50.924,0.605,0.002,52.118,1,18.962,18.576
750,39.604909,0.577,50.462,0.394,0.002,51.447,1,18.962,18.603
751,39.667588,0.472,61.723,0.424,0.003,62.633,1,18.957,15.949
752,39.704981,0.533,36.393,0.385,0.003,37.326,1,18.965,19.989
753,39.748260,0.484,42.372,0.564,0.003,43.437,1,18.969,20.904
754,39.792800,0.547,43.377,0.661,0.003,44.606,1,18.973,21.259
755,39.843073,0.526,49.035,0.653,0.003,50.232,1,18.974,20.972
756,39.895403,0.605,51.018,0.689,0.003,52.330,1,18.974,20.634
757,39.946796,0.550,50.099,0.635,0.003,51.304,1,18.975,20.461
758,40.000126,0.620,52.021,0.474,0.003,53.132,1,18.975,20.238
759,40.059804,0.516,58.642,0.663,0.003,59.839,1,18.971,19.773
760,40.111431,0.560,50.347,0.631,0.003,51.557,1,18.972,19.734
761,40.166614,0.550,53.951,0.585,0.002,55.104,1,18.971,19.577
762,40.221809,0.568,53.984,0.631,0.004,55.202,1,18.970,19.445
763,40.277062,0.566,53.998,0.601,0.004,55.187,1,18.968,19.335
764,40.332337,0.592,54.025,0.578,0.003,55.214,1,18.967,19.241
765,40.386937,0.558,53.411,0.642,0.004,54.631,1,18.966,19.175
766,40.438424,0.642,50.146,0.395,0.003,51.198,1,18.967,19.196
767,40.492706,0.493,53.356,0.620,0.002,54.487,1,18.966,19.144
768,40.543561,0.556,49.624,0.670,0.003,50.869,1,18.967,19.171
769,40.598826,0.578,53.963,0.760,0.002,55.321,1,18.966,19.109
770,40.659513,0.608,59.258,0.649,0.004,60.534,1,18.962,18.960
771,40.713305,0.579,52.507,0.638,0.003,53.743,1,18.962,18.942
772,40.771449,0.566,56.887,0.669,0.004,58.142,1,18.959,18.855
773,40.831856,0.579,59.100,0.652,0.004,60.352,1,18.955,18.742
774,40.889101,0.581,55.956,0.621,0.003,57.178,1,18.953,18.686
775,40.941101,0.580,50.744,0.597,0.004,51.942,1,18.954,18.707
776,40.994866,0.642,52.469,0.533,0.002,53.658,1,18.953,18.704
777,41.043015,0.463,47.117,0.525,0.003,48.123,1,18.955,18.773
778,41.096279,0.660,52.027,0.622,0.003,53.328,1,18.955,18.772
779,41.149091,0.523,51.612,0.647,0.004,52.801,1,18.955,18.777
780,41.203370,0.566,53.011,0.642,0.003,54.239,1,18.954,18.765
781,41.266262,0.558,61.572,0.376,0.003,62.521,1,18.950,15.971
782,41.305100,0.477,37.945,0.381,0.003,38.818,1,18.956,19.713
783,41.351313,0.496,45.296,0.562,0.004,46.372,1,18.959,20.291
784,41.398810,0.560,46.120,0.692,0.003,47.393,1,18.962,20.463
785,41.450573,0.613,50.403,0.585,0.003,51.620,1,18.962,20.232
786,41.501704,0.561,49.931,0.511,0.003,51.020,1,18.963,20.121
787,41.552818,0.543,50.012,0.634,0.003,51.208,1,18.964,20.033
788,41.606274,0.547,52.220,0.591,0.003,53.377,1,18.963,19.859
789,41.663472,0.571,55.983,0.370,0.003,56.938,1,18.961,19.573
790,41.716660,0.542,52.238,0.610,0.003,53.409,1,18.961,19.484
791,41.769297,0.580,51.392,0.677,0.004,52.668,1,18.961,19.436
792,41.823947,0.584,53.334,0.666,0.004,54.604,1,18.960,19.336
793,41.879511,0.579,54.262,0.669,0.004,55.531,1,18.959,19.226
794,41.933220,0.583,52.401,0.508,0.003,53.508,1,18.958,19.186
795,41.988358,0.531,54.052,0.636,0.003,55.238,1,18.957,19.109
796,42.039391,0.554,49.787,0.567,0.004,50.960,1,18.958,19.140
797,42.095018,0.578,54.391,0.577,0.003,55.566,1,18.957,19.067
798,42.145999,0.592,49.758,0.539,0.004,50.907,1,18.958,19.098
799,42.199462,0.561,52.312,0.771,0.004,53.665,1,18.957,19.072
800,42.251394,0.582,50.518,0.690,0.004,51.810,1,18.958,19.083
801,42.304293,0.556,51.594,0.397,0.003,52.562,1,18.958,19.079
802,42.357496,0.471,52.300,0.557,0.003,53.344,1,18.957,19.064
803,42.408388,0.542,49.740,0.611,0.004,50.912,1,18.958,19.088
804,42.471344,0.600,61.689,0.404,0.003,62.708,1,18.954,18.932
805,42.528568,0.557,56.225,0.386,0.003,57.183,1,18.952,18.869
806,42.581697,0.468,52.237,0.574,0.003,53.295,1,18.952,18.865
807,42.635196,0.564,52.310,0.613,0.003,53.506,1,18.951,18.858
808,42.688986,0.632,52.489,0.609,0.003,53.749,1,18.951,18.848
809,42.739058,0.563,48.847,0.602,0.002,50.029,1,18.952,18.885
810,42.794050,0.656,53.683,0.555,0.003,54.913,1,18.951,18.861
811,42.869537,0.563,74.247,0.381,0.003,75.208,1,18.941,13.280
812,42.927148,0.491,56.701,0.593,0.004,57.802,1,18.939,15.024
813,42.980081,0.646,51.639,0.643,0.004,52.947,1,18.939,16.120
814,43.033073,0.586,51.707,0.730,0.003,53.044,1,18.939,16.723
815,43.088916,0.548,54.506,0.618,0.003,55.692,1,18.937,16.954
816,43.140053,0.549,49.914,0.578,0.003,51.059,1,18.938,17.340
817,43.195002,0.543,53.778,0.590,0.004,54.930,1,18.937,17.457
818,43.245911,0.636,49.626,0.629,0.004,50.912,1,18.938,17.702
819,43.299697,0.582,52.518,0.648,0.003,53.766,1,18.937,17.796
820,43.351661,0.568,50.697,0.750,0.004,52.035,1,18.938,17.928
821,43.403354,0.587,50.298,0.609,0.004,51.581,1,18.938,18.052
822,43.458422,0.563,53.771,0.635,0.003,54.988,1,18.937,18.060
823,43.509833,0.561,50.160,0.531,0.003,51.271,1,18.938,18.163
824,43.563649,0.551,52.682,0.436,0.003,53.686,1,18.938,18.194
825,43.616644,0.548,51.960,0.614,0.004,53.141,1,18.937,18.234
826,43.677657,0.583,59.759,0.591,0.004,60.953,1,18.934,18.107
827,43.718587,0.578,39.707,0.560,0.003,40.863,1,18.939,18.388
828,43.763946,0.561,44.186,0.532,0.002,45.296,1,18.942,18.559
829,43.807684,0.527,42.635,0.729,0.004,43.909,1,18.946,18.741
830,43.859177,0.549,50.164,0.559,0.003,51.289,1,18.947,18.777
831,43.909012,0.575,48.649,0.628,0.003,49.870,1,18.948,18.834
832,43.962491,0.580,52.216,0.370,0.002,53.180,1,18.948,18.832
833,44.014523,0.457,51.171,0.598,0.004,52.244,1,18.948,18.845
834,44.068722,0.587,52.958,0.573,0.003,54.134,1,18.947,18.828
835,44.122140,0.494,52.311,0.563,0.004,53.385,1,18.947,18.824
836,44.173168,0.533,49.881,0.622,0.003,51.055,1,18.948,18.852
837,44.228240,0.577,53.819,0.598,0.004,55.013,1,18.947,18.826
838,44.283041,0.548,53.602,0.623,0.004,54.792,1,18.946,18.804
839,44.335561,0.939,50.901,0.592,0.003,52.452,1,18.946,18.812
840,44.389185,0.553,52.426,0.614,0.003,53.613,1,18.946,18.807
841,44.458002,0.570,67.498,0.516,0.003,68.603,1,18.939,14.554
842,44.500300,0.514,41.217,0.550,0.003,42.301,1,18.943,18.012
843,44.548299,0.548,46.851,0.556,0.004,47.973,1,18.945,18.863
844,44.597654,0.571,48.172,0.652,0.004,49.414,1,18.947,19.185
845,44.654358,0.527,55.472,0.538,0.003,56.555,1,18.945,18.862
846,44.706669,0.537,51.187,0.586,0.003,52.328,1,18.945,18.901
847,44.760316,0.578,52.430,0.659,0.004,53.683,1,18.945,18.860
848,44.811763,0.489,50.255,0.693,0.004,51.456,1,18.946,18.928
849,44.875195,0.557,62.129,0.607,0.004,63.312,1,18.941,18.519
850,44.932402,0.631,55.913,0.630,0.003,57.192,1,18.939,18.409
851,44.990123,0.563,56.476,0.624,0.003,57.682,1,18.937,18.305
852,45.039812,0.574,48.434,0.623,0.003,49.649,1,18.939,18.444
853,45.097747,0.562,56.700,0.560,0.003,57.841,1,18.936,18.349
854,45.155153,0.542,56.251,0.578,0.003,57.388,1,18.934,18.279
855,45.212043,0.592,55.668,0.634,0.004,56.914,1,18.933,18.229
856,45.265172,0.542,51.897,0.577,0.003,53.036,1,18.933,18.266
857,45.318395,0.568,52.024,0.609,0.004,53.221,1,18.932,18.295
858,45.370649,0.595,50.994,0.383,0.003,51.987,1,18.933,18.344
859,45.425176,0.491,53.615,0.800,0.004,54.926,1,18.932,18.337
860,45.479417,0.562,52.815,0.616,0.004,54.015,1,18.931,18.345
861,45.532367,0.584,51.693,0.592,0.004,52.889,1,18.931,18.370
862,45.584574,0.589,50.969,0.606,0.004,52.184,1,18.932,18.404
863,45.635864,0.544,50.084,0.441,0.003,51.085,1,18.932,18.452
864,45.692203,0.488,55.370,0.547,0.003,56.423,1,18.931,18.420
865,45.741604,0.548,48.254,0.543,0.003,49.364,1,18.932,18.487
866,45.797299,0.545,54.559,0.611,0.004,55.734,1,18.931,18.465
867,45.854771,0.582,56.225,0.600,0.004,57.426,1,18.929,18.423
868,45.908030,0.602,52.001,0.634,0.003,53.257,1,18.929,18.435
869,45.963592,0.584,54.291,0.598,0.003,55.491,1,18.928,18.420
870,46.017748,0.545,52.962,0.575,0.003,54.099,1,18.927,18.422
871,46.083831,0.558,64.829,0.655,0.003,66.061,1,18.922,15.117
872,46.125519,0.563,40.416,0.550,0.002,41.547,1,18.926,18.564
873,46.170377,0.520,43.737,0.397,0.003,44.669,1,18.930,19.680
874,46.222225,0.492,50.921,0.768,0.004,52.202,1,18.930,19.545
875,46.273887,0.556,50.278,0.513,0.002,51.363,1,18.931,19.526
876,46.326075,0.527,51.103,0.557,0.003,52.204,1,18.931,19.462
877,46.375921,0.561,48.677,0.641,0.004,49.899,1,18.932,19.541
878,46.428234,0.572,51.045,0.535,0.004,52.171,1,18.932,19.491
879,46.481037,0.535,51.681,0.636,0.004,52.871,1,18.932,19.424
880,46.533558,0.573,51.255,0.530,0.003,52.375,1,18.932,19.389
881,46.584399,0.553,49.709,0.623,0.003,50.904,1,18.933,19.411
882,46.636170,0.578,50.516,0.447,0.003,51.556,1,18.934,19.409
883,46.689545,0.467,52.422,0.543,0.003,53.449,1,18.933,19.352
884,46.739693,0.531,49.025,0.625,0.003,50.199,1,18.934,19.391
885,46.793621,0.556,52.695,0.473,0.003,53.738,1,18.934,19.336
886,46.845545,0.459,50.953,0.543,0.004,51.973,1,18.934,19.329
887,46.897994,0.529,51.326,0.534,0.003,52.407,1,18.934,19.314
888,46.950466,0.535,51.354,0.561,0.004,52.470,1,18.935,19.299
889,47.002792,0.604,51.109,0.506,0.003,52.235,1,18.935,19.290
890,47.055690,0.494,51.854,0.577,0.003,52.942,1,18.935,19.269
891,47.106974,0.511,50.145,0.584,0.004,51.259,1,18.935,19.280
892,47.158233,0.587,50.032,0.558,0.003,51.196,1,18.936,19.290
893,47.210931,0.546,51.540,0.555,0.003,52.659,1,18.936,19.277
894,47.270417,0.610,58.272,0.541,0.003,59.440,1,18.933,19.160
895,47.325566,0.518,54.041,0.579,0.003,55.156,1,18.932,19.116
896,47.376678,0.547,49.934,0.640,0.004,51.141,1,18.933,19.132
897,47.430918,0.565,52.979,0.532,0.003,54.094,1,18.933,19.107
898,47.483185,0.572,51.111,0.562,0.003,52.263,1,18.933,19.107
899,47.534922,0.583,50.540,0.567,0.003,51.708,1,18.933,19.115
900,47.588963,0.589,52.832,0.612,0.003,54.052,1,18.933,19.093
901,47.660126,0.530,69.892,0.596,0.004,71.039,1,18.925,14.057
902,47.700217,0.553,38.886,0.486,0.003,39.943,1,18.931,17.999
903,47.738886,0.488,37.648,0.474,0.003,38.627,1,18.936,20.030
904,47.783396,0.524,43.469,0.671,0.004,44.681,1,18.939,20.568
905,47.833985,0.578,49.286,0.563,0.003,50.446,1,18.940,20.411
906,47.887602,0.551,52.451,0.644,0.004,53.666,1,18.940,20.090
907,47.938228,0.560,49.364,0.542,0.003,50.483,1,18.941,20.047
908,47.991084,0.547,51.718,0.578,0.003,52.860,1,18.941,19.897
909,48.042703,0.613,50.376,0.564,0.003,51.571,1,18.941,19.838
910,48.095350,0.576,51.454,0.385,0.003,52.430,1,18.941,19.757
911,48.147206,0.551,50.882,0.521,0.003,51.970,1,18.942,19.708
912,48.199767,0.627,51.361,0.616,0.003,52.621,1,18.942,19.646
913,48.250909,0.545,49.935,0.575,0.003,51.073,1,18.942,19.640
914,48.302090,0.598,49.793,0.419,0.003,50.827,1,18.943,19.637
915,48.355819,0.530,52.740,0.602,0.003,53.889,1,18.943,19.561
916,48.407560,0.515,50.574,0.650,0.004,51.758,1,18.943,19.545
917,48.469348,0.594,60.488,0.399,0.003,61.496,1,18.940,19.315
918,48.523791,0.502,53.503,0.716,0.003,54.740,1,18.939,19.253
919,48.573513,0.588,48.362,0.724,0.004,49.694,1,18.940,19.296
920,48.626180,0.573,51.315,0.636,0.004,52.543,1,18.940,19.282
921,48.677340,0.580,49.887,0.559,0.003,51.045,1,18.941,19.296
922,48.730251,0.525,51.778,0.539,0.004,52.860,1,18.941,19.278
923,48.782913,0.559,51.514,0.651,0.004,52.745,1,18.941,19.263
924,48.835547,0.630,51.292,0.636,0.004,52.580,1,18.941,19.252
925,48.889926,0.581,53.101,0.622,0.003,54.323,1,18.940,19.217
926,48.943776,0.566,52.608,0.674,0.004,53.868,1,18.940,19.190
927,48.997535,0.570,52.460,0.564,0.003,53.612,1,18.940,19.169
928,49.051337,0.569,52.618,0.565,0.003,53.770,1,18.939,19.148
929,49.102204,0.594,49.655,0.412,0.003,50.677,1,18.940,19.167
930,49.156660,0.494,53.512,0.590,0.003,54.613,1,18.939,19.137
931,49.226454,0.566,68.515,0.602,0.004,69.702,1,18.933,14.328
932,49.265806,0.563,38.133,0.381,0.002,39.091,1,18.938,18.361
933,49.312329,0.482,45.622,0.542,0.003,46.662,1,18.940,19.279
934,49.360013,0.540,46.553,0.674,0.003,47.785,1,18.942,19.663
935,49.410757,0.538,49.479,0.568,0.004,50.604,1,18.943,19.680
936,49.462214,0.565,50.270,0.391,0.003,51.242,1,18.944,19.650
937,49.513711,0.485,50.584,0.635,0.004,51.721,1,18.944,19.603
938,49.564857,0.592,49.862,0.562,0.004,51.035,1,18.945,19.600
939,49.617837,0.543,51.824,0.553,0.003,52.938,1,18.945,19.517
940,49.675531,0.561,56.531,0.698,0.003,57.808,1,18.943,19.269
941,49.714698,0.581,37.831,0.538,0.004,38.968,1,18.948,19.714
942,49.756839,0.528,41.026,0.526,0.003,42.096,1,18.952,19.997
943,49.799609,0.523,41.676,0.540,0.003,42.756,1,18.956,20.221
944,49.850199,0.554,49.446,0.537,0.003,50.555,1,18.957,20.188
945,49.899096,0.515,47.796,0.486,0.003,48.813,1,18.958,20.207
946,49.949044,0.627,48.788,0.588,0.003,50.022,1,18.959,20.193
947,49.999406,0.562,49.159,0.470,0.003,50.208,1,18.960,20.175
948,50.050489,0.563,50.005,0.622,0.003,51.208,1,18.961,20.138
949,50.099928,0.557,48.209,0.738,0.004,49.523,1,18.962,20.140
950,50.152345,0.497,51.127,0.570,0.003,52.211,1,18.962,20.087
951,50.201859,0.536,48.359,0.391,0.003,49.301,1,18.963,20.096
952,50.260788,0.482,58.017,0.394,0.003,58.906,1,18.961,19.929
953,50.313830,0.489,52.123,0.597,0.003,53.226,1,18.961,19.876
954,50.365326,0.545,50.300,0.536,0.004,51.399,1,18.961,19.858
955,50.418973,0.557,52.505,0.646,0.004,53.729,1,18.961,19.804
956,50.468692,0.614,48.402,0.442,0.003,49.472,1,18.962,19.819
957,50.521462,0.499,51.790,0.539,0.003,52.844,1,18.962,19.784
958,50.571155,0.518,48.587,0.579,0.003,49.703,1,18.963,19.795
959,50.623886,0.596,51.505,0.719,0.004,52.840,1,18.963,19.764
960,50.676279,0.586,51.031,0.599,0.003,52.234,1,18.963,19.742
961,50.749658,0.552,72.111,0.618,0.004,73.302,1,18.956,13.626
962,50.788224,0.586,37.305,0.550,0.003,38.460,1,18.961,17.876
963,50.833264,0.510,43.930,0.509,0.003,44.965,1,18.964,19.122
964,50.880909,0.538,46.554,0.702,0.004,47.812,1,18.966,19.539
965,50.931097,0.552,48.879,0.507,0.003,49.956,1,18.967,19.630
966,50.982091,0.576,49.865,0.503,0.005,50.962,1,18.967,19.627
967,51.032878,0.541,49.695,0.564,0.005,50.819,1,18.968,19.632
968,51.085358,0.524,51.344,0.564,0.004,52.451,1,18.968,19.558
969,51.136456,0.532,49.952,0.562,0.005,51.066,1,18.969,19.560
970,51.188837,0.548,51.221,0.490,0.005,52.276,1,18.969,19.515
971,51.239425,0.522,49.527,0.623,0.005,50.693,1,18.970,19.533
972,51.292756,0.578,52.076,0.566,0.005,53.241,1,18.969,19.467
973,51.343575,0.503,49.697,0.624,0.005,50.845,1,18.970,19.481
974,51.395867,0.542,51.076,0.621,0.005,52.257,1,18.970,19.455
975,51.453971,0.546,56.884,0.482,0.004,57.929,1,18.968,19.291
976,51.504240,0.451,49.295,0.558,0.006,50.324,1,18.969,19.326
977,51.557574,0.564,52.160,0.519,0.005,53.262,1,18.969,19.292
978,51.607956,0.543,49.268,0.673,0.006,50.506,1,18.970,19.319
979,51.661064,0.555,51.826,0.504,0.004,52.901,1,18.970,19.296
980,51.712675,0.461,50.606,0.621,0.005,51.708,1,18.970,19.297
981,51.764682,0.584,50.746,0.551,0.005,51.902,1,18.970,19.295
982,51.816898,0.557,51.055,0.611,0.005,52.244,1,18.970,19.288
983,51.868255,0.571,50.122,0.416,0.004,51.125,1,18.971,19.299
984,51.922629,0.513,53.400,0.623,0.005,54.557,1,18.970,19.256
985,51.975420,0.550,51.562,0.662,0.005,52.796,1,18.970,19.243
986,52.026928,0.539,50.253,0.407,0.004,51.214,1,18.971,19.253
987,52.087471,0.466,59.631,0.662,0.005,60.779,1,18.968,19.132
988,52.125648,0.549,36.909,0.554,0.005,38.033,1,18.973,19.319
989,52.170130,0.523,43.353,0.538,0.004,44.433,1,18.976,19.414
990,52.213629,0.536,42.376,0.508,0.005,43.438,1,18.980,19.515
991,52.284788,0.543,69.999,0.617,0.005,71.181,1,18.973,14.034
992,52.321927,0.546,35.919,0.379,0.004,36.862,1,18.979,18.492
993,52.362472,0.454,39.674,0.479,0.004,40.624,1,18.983,20.161
994,52.406649,0.507,43.144,0.667,0.005,44.339,1,18.986,20.707
995,52.457768,0.593,49.803,0.560,0.005,50.976,1,18.986,20.477
996,52.508829,0.551,49.897,0.584,0.006,51.054,1,18.987,20.321
997,52.560672,0.564,50.641,0.383,0.004,51.604,1,18.987,20.178
998,52.610886,0.463,49.331,0.592,0.005,50.404,1,18.988,20.134
999,52.666444,0.613,54.300,0.507,0.005,55.439,1,18.987,19.876
1000,52.718197,0.529,50.669,0.608,0.005,51.825,1,18.988,19.815
1001,52.769275,0.534,49.884,0.557,0.005,50.995,1,18.988,19.795
1002,52.821797,0.541,51.374,0.519,0.004,52.454,1,18.988,19.731
1003,52.872325,0.516,49.444,0.546,0.006,50.525,1,18.989,19.735
1004,52.924205,0.584,50.700,0.567,0.005,51.871,1,18.989,19.701
1005,52.976117,0.524,50.769,0.585,0.005,51.899,1,18.989,19.671
1006,53.029244,0.564,51.924,0.524,0.005,53.031,1,18.989,19.617
1007,53.081101,0.531,50.751,0.589,0.005,51.892,1,18.990,19.596
1008,53.132872,0.563,50.567,0.508,0.006,51.658,1,18.990,19.582
1009,53.186861,0.527,52.903,0.779,0.005,54.232,1,18.989,19.517
1010,53.239015,0.597,50.718,0.625,0.005,51.961,1,18.990,19.503
1011,53.294117,0.656,53.765,0.377,0.004,54.814,1,18.989,19.438
1012,53.346687,0.466,51.689,0.564,0.005,52.737,1,18.989,19.416
1013,53.400190,0.572,52.315,0.600,0.006,53.510,1,18.988,19.382
1014,53.455293,0.560,53.885,0.610,0.006,55.078,1,18.988,19.327
1015,53.507496,0.582,50.954,0.667,0.006,52.226,1,18.988,19.320
1016,53.560083,0.552,51.310,0.547,0.005,52.428,1,18.988,19.310
1017,53.613155,0.520,51.953,0.617,0.005,53.111,1,18.988,19.291
1018,53.666154,0.586,51.741,0.532,0.004,52.876,1,18.988,19.277
1019,53.718826,0.459,51.639,0.633,0.005,52.751,1,18.988,19.265
1020,53.770813,0.643,50.654,0.581,0.005,51.900,1,18.988,19.265
1021,53.837169,0.618,65.039,0.524,0.005,66.200,1,18.983,15.086
1022,53.878106,0.522,39.842,0.577,0.004,40.960,1,18.987,18.643
1023,53.926364,0.541,47.089,0.582,0.005,48.231,1,18.989,19.288
1024,53.972430,0.515,44.918,0.526,0.005,45.978,1,18.991,19.846
1025,54.024001,0.555,50.440,0.709,0.005,51.727,1,18.991,19.739
1026,54.075627,0.541,50.318,0.684,0.006,51.566,1,18.992,19.678
1027,54.128748,0.592,51.787,0.528,0.005,52.926,1,18.992,19.560
1028,54.182558,0.538,52.694,0.573,0.005,53.825,1,18.991,19.430
1029,54.235798,0.562,52.052,0.558,0.005,53.191,1,18.991,19.357
1030,54.286966,0.547,50.012,0.568,0.004,51.146,1,18.991,19.375
1031,54.337102,0.607,48.907,0.550,0.005,50.085,1,18.992,19.426
1032,54.389520,0.576,51.239,0.507,0.005,52.342,1,18.992,19.398
1033,54.439852,0.534,49.240,0.666,0.005,50.461,1,18.993,19.429
1034,54.494150,0.581,52.994,0.368,0.004,53.960,1,18.993,19.361
1035,54.547267,0.468,52.244,0.559,0.006,53.290,1,18.993,19.319
1036,54.600013,0.604,51.528,0.439,0.005,52.591,1,18.993,19.299
1037,54.653606,0.490,52.622,0.562,0.005,53.693,1,18.992,19.258
1038,54.703381,0.541,48.619,0.581,0.004,49.792,1,18.993,19.302
1039,54.757309,0.571,52.691,0.562,0.005,53.844,1,18.993,19.261
1040,54.806865,0.532,48.414,0.761,0.006,49.731,1,18.994,19.301
1041,54.859401,0.636,51.077,0.705,0.005,52.441,1,18.994,19.289
1042,54.912830,0.556,52.104,0.573,0.005,53.255,1,18.994,19.265
1043,54.963361,0.563,49.167,0.508,0.005,50.257,1,18.994,19.288
1044,55.015710,0.569,51.223,0.617,0.005,52.429,1,18.994,19.278
1045,55.071396,0.545,54.473,0.408,0.004,55.442,1,18.993,19.225
1046,55.124077,0.524,51.711,0.562,0.005,52.816,1,18.993,19.213
1047,55.175583,0.515,50.376,0.639,0.005,51.552,1,18.994,19.220
1048,55.228204,0.571,51.354,0.533,0.005,52.478,1,18.994,19.213
1049,55.280926,0.533,51.606,0.610,0.005,52.771,1,18.994,19.204
1050,55.333444,0.585,51.267,0.400,0.004,52.269,1,18.994,19.201
1051,55.396678,0.509,62.228,0.513,0.005,63.268,1,18.990,15.789
1052,55.438164,0.505,40.419,0.503,0.004,41.447,1,18.994,19.081
1053,55.485406,0.545,46.145,0.535,0.005,47.244,1,18.996,19.725
1054,55.531446,0.528,44.925,0.507,0.056,46.031,1,18.998,20.192
1055,55.583242,0.534,50.651,0.712,0.005,51.959,1,18.998,19.992
1056,55.634458,0.527,49.875,0.418,0.004,50.838,1,18.999,19.932
1057,55.694182,0.490,58.777,0.377,0.004,59.658,1,18.996,19.406
1058,55.746734,0.462,51.675,0.573,0.005,52.729,1,18.996,19.349
1059,55.797697,0.568,49.770,0.515,0.005,50.871,1,18.997,19.382
1060,55.850997,0.541,52.194,0.583,0.005,53.340,1,18.997,19.315
1061,55.900657,0.602,48.421,0.449,0.004,49.489,1,18.998,19.392
1062,55.953365,0.483,51.736,0.505,0.004,52.742,1,18.998,19.354
1063,56.003208,0.541,48.746,0.516,0.005,49.823,1,18.999,19.407
1064,56.056034,0.590,51.671,0.556,0.004,52.836,1,18.999,19.371
1065,56.107068,0.530,49.900,0.579,0.004,51.029,1,18.999,19.385
1066,56.159852,0.656,51.495,0.440,0.004,52.609,1,18.999,19.360
1067,56.213203,0.464,52.408,0.519,0.005,53.409,1,18.999,19.321
1068,56.271641,0.538,57.334,0.781,0.005,58.672,1,18.997,19.178
1069,56.326478,0.591,53.411,0.363,0.004,54.379,1,18.996,19.134
1070,56.378260,0.464,50.917,0.656,0.005,52.059,1,18.996,19.138
1071,56.429991,0.542,50.479,0.520,0.005,51.560,1,18.997,19.149
1072,56.482896,0.535,51.800,0.586,0.005,52.941,1,18.997,19.137
1073,56.534566,0.638,50.391,0.415,0.004,51.462,1,18.997,19.149
1074,56.587904,0.492,52.392,0.625,0.005,53.528,1,18.997,19.128
1075,56.637988,0.511,48.895,0.513,0.005,49.938,1,18.998,19.162
1076,56.693011,0.561,53.900,0.384,0.004,54.860,1,18.997,19.124
1077,56.744101,0.476,50.188,0.609,0.005,51.293,1,18.997,19.137
1078,56.795925,0.573,50.589,0.657,0.006,51.841,1,18.998,19.142
1079,56.848047,0.568,50.844,0.610,0.005,52.042,1,18.998,19.144
1080,56.900642,0.555,51.375,0.391,0.004,52.337,1,18.998,19.143
1081,56.971948,0.473,70.349,0.663,0.006,71.505,1,18.992,13.972
1082,57.013844,0.578,40.598,0.537,0.004,41.732,1,18.995,17.646
1083,57.059672,0.538,44.702,0.446,0.003,45.703,1,18.998,18.859
1084,57.104446,0.511,43.772,0.556,0.003,44.857,1,19.000,19.612
1085,57.156805,0.556,51.196,0.751,0.003,52.525,1,19.000,19.492
1086,57.208800,0.608,50.578,0.553,0.005,51.760,1,19.000,19.461
1087,57.262812,0.562,52.839,0.552,0.004,53.972,1,19.000,19.320
1088,57.316495,0.550,52.530,0.617,0.006,53.718,1,19.000,19.227
1089,57.369469,0.569,51.732,0.572,0.004,52.894,1,18.999,19.190
1090,57.424415,0.558,53.764,0.662,0.005,55.003,1,18.999,19.083
1091,57.485689,0.560,60.000,0.624,0.004,61.203,1,18.996,18.795
1092,57.536521,0.555,49.598,0.631,0.004,50.806,1,18.996,18.865
1093,57.591953,0.578,54.168,0.633,0.004,55.400,1,18.995,18.798
1094,57.643231,0.549,50.043,0.617,0.004,51.228,1,18.996,18.847
1095,57.696122,0.597,51.625,0.621,0.005,52.864,1,18.996,18.851
1096,57.748381,0.582,51.000,0.635,0.005,52.239,1,18.996,18.868
1097,57.800895,0.584,51.237,0.394,0.003,52.229,1,18.996,18.884
1098,57.854508,0.480,52.702,0.580,0.005,53.781,1,18.996,18.867
1099,57.906517,0.574,50.798,0.532,0.004,51.923,1,18.996,18.887
1100,57.960993,0.534,53.362,0.751,0.005,54.671,1,18.995,18.855
1101,58.016296,0.587,53.903,0.632,0.004,55.144,1,18.994,18.819
1102,58.075107,0.534,57.588,0.608,0.006,58.753,1,18.992,18.729
1103,58.130830,0.671,54.384,0.554,0.005,55.629,1,18.991,18.694
1104,58.184708,0.606,52.667,0.619,0.005,53.913,1,18.991,18.687
1105,58.235043,0.549,49.109,0.531,0.005,50.211,1,18.992,18.733
1106,58.289749,0.648,53.473,0.540,0.005,54.681,1,18.991,18.715
1107,58.339877,0.530,49.004,0.722,0.003,50.277,1,18.992,18.756
1108,58.394564,0.584,53.327,0.608,0.004,54.540,1,18.991,18.740
1109,58.446186,0.550,50.411,0.590,0.004,51.569,1,18.992,18.761
1110,58.499539,0.541,52.173,0.644,0.004,53.378,1,18.991,18.760
1111,58.573083,0.557,72.215,0.596,0.005,73.390,1,18.985,13.609
1112,58.629182,0.593,54.854,0.592,0.005,56.061,1,18.984,15.435
1113,58.692782,0.582,62.368,0.376,0.004,63.342,1,18.980,15.547
1114,58.747755,0.466,54.093,0.633,0.005,55.212,1,18.979,16.117
1115,58.805881,0.663,56.772,0.759,0.006,58.219,1,18.977,16.316
1116,58.866508,0.591,59.217,0.395,0.004,60.219,1,18.975,16.362
1117,58.926271,0.484,58.846,0.393,0.004,59.737,1,18.973,16.414
1118,58.981782,0.469,54.611,0.644,0.005,55.744,1,18.972,16.590
1119,59.036470,0.593,53.391,0.633,0.004,54.640,1,18.971,16.763
1120,59.093937,0.580,56.200,0.604,0.005,57.404,1,18.970,16.825
1121,59.147575,0.547,52.430,0.671,0.005,53.670,1,18.969,16.974
1122,59.202178,0.579,53.297,0.595,0.005,54.494,1,18.969,17.080
1123,59.257058,0.590,53.637,0.638,0.004,54.887,1,18.968,17.162
1124,59.309249,0.548,50.952,0.607,0.005,52.128,1,18.968,17.291
1125,59.363474,0.582,52.975,0.652,0.004,54.232,1,18.968,17.363
1126,59.411316,0.579,46.555,0.122,0.003,47.275,0,18.969,17.558
1127,59.462917,0.578,50.850,0.541,0.003,51.987,1,18.970,17.648
1128,59.516637,0.612,52.516,0.604,0.003,53.752,1,18.969,17.698
1129,59.563255,0.551,45.409,0.130,0.003,46.109,0,18.971,17.871
1130,59.610029,0.585,46.010,0.115,0.003,46.728,0,18.973,18.019
1131,59.663282,0.525,52.564,0.612,0.005,53.722,1,18.973,18.046
1132,59.712523,0.645,47.927,0.129,0.003,48.722,0,18.974,18.145
1133,59.759030,0.538,45.787,0.100,0.003,46.441,0,18.976,18.269
1134,59.806419,0.481,46.767,0.126,0.002,47.392,0,18.978,18.372
1135,59.855704,0.558,48.544,0.130,0.003,49.250,0,18.979,18.442
1136,59.903545,0.602,47.057,0.095,0.003,47.770,0,18.980,18.526
1137,59.952796,0.563,48.554,0.125,0.003,49.260,0,18.982,18.586
1138,59.999016,0.531,45.510,0.210,0.002,46.267,0,18.984,18.679
1139,60.045837,0.470,46.103,0.123,0.002,46.713,0,18.985,18.761
